customer_id,age,annual_income,employment_years,home_ownership,loan_amount,term_months,interest_rate,dti,credit_score,num_open_accounts,delinquencies_2y,inquiries_6m,purpose,state,default
1,28,24077,7,OWN,6115,60,9.24,0.262,688,10,0,0,debt_consolidation,IL,1
2,38,48372,15,MORTGAGE,6629,60,4.62,0.143,689,13,0,2,home_improvement,WA,1
3,42,88047,9,MORTGAGE,20246,36,10.76,0.229,703,5,1,0,home_improvement,GA,0
4,43,40428,18,MORTGAGE,10210,36,15.6,0.315,678,8,0,0,home_improvement,WA,1
5,32,65333,9,RENT,18560,36,12.47,0.361,659,12,3,0,car,GA,0
6,65,24449,34,RENT,7539,36,8.77,0.397,682,6,1,0,credit_card,NJ,1
7,31,63912,9,MORTGAGE,22003,60,13.54,0.396,647,7,1,0,credit_card,TX,1
8,57,67027,34,RENT,29158,60,16.01,0.468,682,8,0,0,credit_card,WA,1
9,24,72802,1,MORTGAGE,17898,60,7.83,0.251,650,9,1,0,small_business,WI,0
10,35,29222,5,MORTGAGE,10042,36,10.99,0.28,627,4,0,2,home_improvement,TN,1
11,36,24055,14,RENT,8163,36,15.41,0.428,646,5,1,0,small_business,WA,1
12,43,40059,13,RENT,5527,60,7.98,0.156,673,9,0,0,credit_card,GA,1
13,35,42299,12,RENT,5084,36,6.5,0.126,656,9,0,0,other,NJ,0
14,50,80499,9,RENT,24152,36,11.96,0.263,679,12,0,0,credit_card,CA,0
15,43,67483,19,MORTGAGE,13124,36,6.89,0.158,721,8,0,1,debt_consolidation,TN,0
16,66,45642,37,MORTGAGE,7531,36,11.1,0.2,661,5,0,1,small_business,NY,0
17,72,12322,15,RENT,2002,36,7.83,0.189,649,7,0,1,credit_card,AZ,0
18,30,114488,9,OWN,28717,60,7.87,0.245,579,10,0,0,other,NY,0
19,71,96288,24,MORTGAGE,25006,60,9.82,0.372,658,8,1,0,debt_consolidation,FL,1
20,71,59889,36,MORTGAGE,7670,36,11.71,0.175,654,0,2,0,debt_consolidation,MA,1
21,67,70798,12,MORTGAGE,12696,60,9.81,0.245,721,11,0,1,home_improvement,MA,0
22,36,50456,4,OWN,6820,36,8.25,0.132,584,0,1,1,other,IL,1
23,33,47172,11,RENT,3998,60,8.78,0.146,712,11,1,0,other,NY,1
24,63,43598,36,RENT,12152,36,8.94,0.338,750,10,0,1,debt_consolidation,MA,0
25,56,35371,13,OWN,6868,36,9.61,0.2,657,10,1,1,debt_consolidation,TX,1
26,48,112367,19,OWN,47561,60,10.92,0.346,698,9,1,0,other,NJ,1
27,70,23429,26,RENT,5015,36,10.44,0.256,629,10,0,0,debt_consolidation,WA,1
28,38,54673,14,OWN,14614,36,11.99,0.295,648,8,0,1,debt_consolidation,NY,1
29,42,16773,19,RENT,1000,36,4.32,0.084,685,6,2,2,car,TX,1
30,50,61084,8,OWN,20606,36,13.07,0.441,676,5,2,0,debt_consolidation,IL,1
31,44,52303,8,MORTGAGE,13375,60,11.47,0.227,725,6,0,0,credit_card,MO,0
32,46,22807,16,MORTGAGE,2670,36,10.35,0.08,635,5,0,0,debt_consolidation,NC,0
33,56,108541,20,MORTGAGE,35630,36,8.92,0.521,722,6,1,3,home_improvement,IN,1
34,26,51275,3,RENT,6666,36,10.34,0.132,731,7,0,0,debt_consolidation,AZ,0
35,25,89257,3,OTHER,8228,60,11.58,0.211,608,4,0,0,debt_consolidation,GA,0
36,43,68424,12,MORTGAGE,8879,36,4.0,0.217,668,8,0,1,credit_card,NY,0
37,46,24607,19,RENT,3791,60,10.06,0.243,607,13,0,0,other,MI,1
38,71,28702,19,OWN,3414,36,3.0,0.141,695,16,0,2,debt_consolidation,CA,0
39,19,91969,0,MORTGAGE,24465,60,10.83,0.323,735,8,1,0,debt_consolidation,CA,1
40,56,18102,23,RENT,8218,60,11.93,0.604,702,8,1,1,credit_card,AZ,1
41,73,131402,35,OWN,34686,36,10.51,0.385,704,15,0,1,home_improvement,MD,0
42,24,73488,2,RENT,16681,36,10.99,0.333,648,7,0,0,small_business,IL,1
43,44,50182,21,RENT,10800,36,10.6,0.331,705,13,0,5,home_improvement,TN,1
44,58,38420,29,MORTGAGE,7049,36,4.56,0.329,664,6,0,0,debt_consolidation,TX,1
45,30,82143,7,MORTGAGE,13540,60,7.12,0.28,647,11,1,2,debt_consolidation,FL,1
46,58,18193,11,RENT,7393,36,13.86,0.259,617,7,0,2,small_business,FL,1
47,45,61603,9,MORTGAGE,26822,60,13.97,0.557,732,4,1,0,small_business,OH,1
48,46,16937,13,RENT,9705,36,14.72,0.534,598,4,1,0,small_business,WI,1
49,59,63503,26,MORTGAGE,16004,36,8.56,0.238,738,11,0,0,debt_consolidation,NC,0
50,19,60550,0,MORTGAGE,14346,36,6.98,0.349,671,11,0,0,credit_card,IN,0
51,60,43256,10,MORTGAGE,12962,36,7.48,0.247,664,13,1,0,credit_card,FL,1
52,50,32986,23,MORTGAGE,11876,36,11.19,0.259,627,13,0,0,credit_card,IL,1
53,46,31986,15,OWN,8814,60,8.41,0.398,713,9,1,0,other,CA,1
54,34,59427,11,RENT,10987,60,5.47,0.224,696,11,0,0,debt_consolidation,OH,0
55,29,45285,3,RENT,16834,60,12.8,0.489,655,12,1,0,home_improvement,TN,1
56,49,36562,25,OWN,8931,36,9.8,0.163,603,13,0,1,credit_card,CA,1
57,64,53616,33,RENT,6523,60,5.12,0.104,639,12,1,1,debt_consolidation,IL,0
58,40,52826,6,OWN,11498,36,10.88,0.13,607,6,0,2,debt_consolidation,MI,0
59,24,88345,5,OWN,7685,36,7.37,0.193,646,12,1,0,small_business,MI,0
60,41,33968,14,RENT,6426,60,9.19,0.266,714,13,0,1,credit_card,WI,0
61,29,50201,5,MORTGAGE,1000,36,5.72,0.173,585,9,0,1,small_business,MA,1
62,72,21636,40,MORTGAGE,8077,60,9.05,0.411,682,8,1,4,small_business,FL,1
63,28,64908,7,MORTGAGE,23385,60,12.94,0.393,703,5,1,2,credit_card,AZ,1
64,72,22028,29,RENT,9163,60,12.92,0.345,705,9,0,1,debt_consolidation,FL,1
65,18,39741,0,MORTGAGE,17900,36,11.51,0.632,624,4,2,1,debt_consolidation,TX,1
66,28,56356,6,OTHER,17134,36,12.22,0.204,677,12,1,0,car,FL,1
67,46,43434,11,OWN,1000,60,9.17,0.101,646,13,0,1,debt_consolidation,VA,0
68,32,27710,6,MORTGAGE,5216,36,7.58,0.195,665,6,0,2,car,MD,1
69,27,28962,2,RENT,4559,36,7.52,0.149,674,2,0,1,credit_card,IL,0
70,75,74680,29,MORTGAGE,15721,36,9.35,0.29,715,6,0,2,small_business,WA,0
71,36,68713,12,MORTGAGE,22997,36,12.16,0.309,786,14,0,0,debt_consolidation,TX,0
72,50,27185,16,RENT,14124,36,15.59,0.64,619,5,2,1,other,PA,1
73,67,128165,38,RENT,37995,36,10.88,0.211,699,11,0,2,credit_card,WI,0
74,57,35307,31,MORTGAGE,1000,36,4.78,0.045,738,12,0,0,credit_card,PA,0
75,70,42062,12,MORTGAGE,13223,60,9.52,0.279,712,4,0,0,debt_consolidation,TN,0
76,52,55661,14,RENT,1000,60,8.4,0.181,565,6,0,0,credit_card,OH,0
77,48,52111,18,RENT,13303,36,13.8,0.311,622,14,0,2,home_improvement,WI,1
78,25,45522,3,MORTGAGE,14517,36,10.41,0.329,696,12,0,1,credit_card,NY,1
79,44,27822,15,OWN,7318,60,9.72,0.334,647,5,0,1,small_business,NC,1
80,50,62363,19,OWN,14115,36,9.58,0.263,689,9,1,0,credit_card,AZ,0
81,68,26573,15,OWN,11966,36,11.42,0.4,769,16,1,1,home_improvement,CA,0
82,20,27873,1,OWN,3911,60,9.63,0.206,653,8,3,2,debt_consolidation,AZ,1
83,72,22558,19,MORTGAGE,4059,36,10.25,0.204,561,7,1,0,debt_consolidation,CA,1
84,18,33235,0,MORTGAGE,7004,60,10.81,0.307,694,9,0,1,debt_consolidation,IL,1
85,23,42083,2,RENT,16752,36,12.27,0.358,669,14,1,1,small_business,NC,1
86,19,44342,0,MORTGAGE,7733,36,8.06,0.222,615,8,0,1,other,FL,1
87,29,32714,6,RENT,5303,60,6.02,0.27,602,6,0,2,debt_consolidation,CA,1
88,47,60409,16,RENT,29012,60,15.68,0.241,687,8,0,0,credit_card,TX,1
89,49,55029,11,RENT,19892,60,8.3,0.357,773,4,1,0,debt_consolidation,TX,0
90,23,47750,2,RENT,10385,60,7.1,0.136,607,14,1,0,debt_consolidation,MD,1
91,60,43634,27,RENT,12177,60,11.64,0.382,676,19,1,0,small_business,VA,1
92,20,13408,0,MORTGAGE,3677,60,6.54,0.138,623,4,1,0,home_improvement,WA,1
93,75,63968,27,MORTGAGE,22789,36,13.28,0.295,627,9,0,0,car,TX,1
94,23,27416,3,OWN,7370,60,4.56,0.356,625,12,4,1,debt_consolidation,IL,1
95,48,38635,22,MORTGAGE,13856,60,7.59,0.504,708,7,3,0,home_improvement,GA,1
96,48,41625,6,OWN,8540,36,7.65,0.345,723,8,2,1,small_business,WA,0
97,29,53691,7,OWN,7336,60,11.29,0.086,673,7,0,0,debt_consolidation,IN,1
98,54,39060,25,OWN,15150,60,11.23,0.45,631,6,4,2,debt_consolidation,FL,1
99,31,47481,6,RENT,16414,36,12.17,0.323,706,12,0,1,car,MD,1
100,30,39783,8,RENT,13718,60,10.18,0.453,627,4,0,0,credit_card,GA,1
101,18,23182,0,RENT,5106,36,10.16,0.347,694,9,0,2,credit_card,MI,1
102,71,32793,19,MORTGAGE,1982,36,9.68,0.175,637,9,0,1,debt_consolidation,WI,0
103,43,25587,13,OWN,1886,36,4.67,0.129,624,9,1,2,debt_consolidation,GA,1
104,28,18746,3,OWN,7797,60,12.35,0.451,657,6,3,3,debt_consolidation,MD,1
105,64,44648,15,MORTGAGE,11247,36,10.22,0.236,698,8,0,2,home_improvement,VA,1
106,43,58055,20,MORTGAGE,1588,60,9.47,0.029,698,4,0,0,credit_card,TN,0
107,60,38493,29,RENT,11797,36,10.19,0.19,697,2,1,0,debt_consolidation,NC,0
108,55,22524,14,MORTGAGE,9899,36,12.97,0.346,651,7,0,0,credit_card,IN,0
109,35,29721,4,OWN,9029,36,12.79,0.32,674,5,3,1,home_improvement,FL,1
110,54,58899,8,MORTGAGE,15212,36,10.31,0.355,635,11,1,1,small_business,WI,1
111,22,20286,1,MORTGAGE,3975,60,6.63,0.349,645,9,2,0,small_business,GA,1
112,29,28147,2,RENT,5947,60,6.81,0.222,649,9,0,0,debt_consolidation,MI,1
113,41,37500,12,MORTGAGE,1000,60,4.28,0.124,595,5,0,1,small_business,WI,0
114,29,19675,6,MORTGAGE,2193,60,6.53,0.166,570,8,0,0,other,IN,1
115,51,33712,28,MORTGAGE,11392,60,7.73,0.305,719,13,0,2,small_business,AZ,1
116,32,17083,5,OWN,1000,36,11.94,0.137,742,15,0,0,other,FL,0
117,46,24866,15,MORTGAGE,7119,36,9.13,0.235,575,11,0,1,debt_consolidation,MI,1
118,50,66467,13,MORTGAGE,7786,36,5.9,0.181,600,9,0,1,credit_card,CA,0
119,72,190226,19,RENT,16316,36,11.39,0.234,769,10,0,2,credit_card,TX,0
120,66,36502,26,MORTGAGE,11898,36,7.54,0.314,704,11,2,0,credit_card,CA,1
121,61,69628,13,RENT,25149,36,9.16,0.479,634,15,1,0,credit_card,TN,1
122,28,25849,7,RENT,9509,36,10.96,0.471,664,8,0,0,credit_card,AZ,1
123,30,36191,6,MORTGAGE,10067,36,11.8,0.293,621,16,0,1,small_business,OH,1
124,46,41796,24,MORTGAGE,12104,60,8.9,0.372,661,12,2,1,car,MO,1
125,27,34703,3,MORTGAGE,11693,36,12.82,0.323,653,13,0,0,other,VA,1
126,30,61346,8,OWN,18759,36,10.96,0.413,668,4,0,0,debt_consolidation,MO,0
127,28,60662,4,MORTGAGE,13641,36,7.77,0.177,699,8,0,2,debt_consolidation,FL,1
128,63,42957,19,OWN,10391,36,9.36,0.25,642,7,0,0,debt_consolidation,NC,1
129,27,28685,7,MORTGAGE,4083,36,8.88,0.193,599,7,0,0,other,AZ,0
130,40,36080,17,RENT,13367,60,13.82,0.392,678,2,3,0,debt_consolidation,NJ,1
131,20,37605,1,RENT,9158,60,12.35,0.282,681,13,0,0,debt_consolidation,NJ,1
132,26,33575,2,MORTGAGE,3468,60,7.5,0.165,647,3,0,2,car,PA,1
133,23,44725,1,MORTGAGE,18984,36,10.43,0.511,709,2,0,1,debt_consolidation,CA,1
134,57,42798,33,MORTGAGE,13689,60,11.28,0.2,727,2,1,0,debt_consolidation,OH,1
135,73,48591,40,RENT,15468,36,14.98,0.367,730,0,2,1,small_business,MI,1
136,49,35408,27,OWN,13973,60,9.12,0.278,722,10,0,0,car,OH,1
137,18,59016,0,RENT,22014,60,10.47,0.345,750,5,2,2,other,MA,1
138,56,100071,25,RENT,30832,60,9.36,0.202,662,6,1,0,credit_card,CA,0
139,29,31205,2,MORTGAGE,15700,60,13.92,0.642,720,0,0,1,debt_consolidation,VA,1
140,30,60887,4,OWN,16126,60,12.93,0.208,641,3,1,2,debt_consolidation,WI,1
141,35,31941,11,MORTGAGE,12311,60,14.81,0.46,616,9,2,2,car,TX,1
142,33,43851,8,MORTGAGE,12080,60,11.26,0.245,632,1,0,2,small_business,MI,1
143,26,16933,6,RENT,5097,60,10.16,0.408,656,1,2,0,credit_card,WA,1
144,36,46141,12,OWN,18495,36,13.87,0.418,763,11,2,1,debt_consolidation,CA,1
145,28,22834,6,MORTGAGE,4352,36,10.96,0.166,645,3,0,0,other,IN,0
146,66,19126,19,RENT,4049,36,10.88,0.312,617,5,0,3,credit_card,MI,1
147,31,39338,5,OWN,4367,60,7.91,0.2,620,8,0,0,home_improvement,NJ,0
148,34,116657,12,MORTGAGE,20519,60,11.29,0.201,702,3,0,1,home_improvement,NJ,0
149,33,36893,12,MORTGAGE,9306,36,11.79,0.349,658,9,0,0,credit_card,PA,1
150,57,25565,11,OWN,5419,36,7.04,0.288,671,11,2,0,debt_consolidation,AZ,1
151,33,53561,4,RENT,17843,36,15.0,0.495,666,7,2,2,debt_consolidation,WA,1
152,54,63891,9,OWN,12656,60,10.51,0.263,668,6,2,1,credit_card,WI,1
153,37,16720,15,MORTGAGE,5629,60,14.47,0.464,610,2,1,1,credit_card,MD,1
154,56,82319,26,MORTGAGE,35411,60,13.23,0.268,696,5,0,2,car,IL,1
155,40,27815,6,MORTGAGE,4335,60,8.77,0.158,705,5,2,1,car,IL,1
156,43,15123,16,RENT,4429,60,9.0,0.4,646,9,0,0,home_improvement,NJ,1
157,48,46928,18,MORTGAGE,14498,60,11.75,0.404,623,5,2,1,debt_consolidation,NC,1
158,61,49764,34,MORTGAGE,15702,36,12.89,0.339,661,8,1,1,debt_consolidation,WA,1
159,31,34642,4,MORTGAGE,2202,36,9.92,0.149,688,14,0,1,credit_card,IL,0
160,45,40264,22,MORTGAGE,7218,36,12.26,0.193,636,0,1,0,debt_consolidation,MI,1
161,34,105641,9,OWN,32467,60,9.97,0.393,682,14,2,1,home_improvement,MI,0
162,33,33607,9,RENT,9287,60,7.92,0.45,661,6,0,0,debt_consolidation,GA,1
163,33,49834,4,OWN,1000,36,8.21,0.063,727,9,0,0,other,MI,0
164,46,68555,18,MORTGAGE,24430,36,10.76,0.377,642,12,1,2,debt_consolidation,WI,1
165,47,31641,17,OWN,7561,36,8.76,0.211,634,7,0,1,credit_card,TN,0
166,57,31417,33,RENT,11908,60,14.78,0.261,705,11,0,0,debt_consolidation,AZ,1
167,49,31277,16,OWN,17575,36,15.78,0.485,627,9,3,1,debt_consolidation,IN,1
168,24,32803,2,MORTGAGE,3738,36,7.47,0.153,620,3,0,2,debt_consolidation,NY,0
169,47,32105,14,MORTGAGE,4849,36,7.25,0.153,629,7,0,0,small_business,IL,0
170,60,48342,20,OTHER,11128,36,9.61,0.256,674,6,0,1,car,TN,1
171,60,20849,32,OWN,7051,36,11.66,0.299,628,9,2,1,debt_consolidation,TN,1
172,47,73284,17,MORTGAGE,12480,60,8.81,0.31,687,3,0,1,debt_consolidation,NJ,0
173,36,60951,8,OWN,13770,36,5.83,0.277,698,11,1,0,car,TN,0
174,70,25294,11,MORTGAGE,11132,60,8.41,0.565,620,4,0,1,small_business,OH,0
175,42,46538,20,MORTGAGE,16831,60,11.71,0.327,705,5,0,0,small_business,IL,0
176,48,38980,23,OWN,11420,36,14.48,0.271,676,19,1,0,car,TX,1
177,38,62555,12,OWN,14726,60,11.47,0.315,723,9,0,3,car,MA,0
178,69,46691,23,MORTGAGE,6990,36,8.82,0.3,730,8,1,0,small_business,TN,0
179,58,35758,19,MORTGAGE,5981,60,11.83,0.193,662,9,2,1,debt_consolidation,FL,1
180,28,73912,6,MORTGAGE,17647,60,7.39,0.36,769,8,1,0,home_improvement,TX,0
181,36,30067,5,OWN,6094,36,10.89,0.255,689,10,0,0,other,TN,0
182,25,40481,4,OWN,9726,36,11.35,0.316,660,13,0,0,debt_consolidation,VA,1
183,69,80710,32,OWN,30260,60,12.31,0.257,691,12,0,0,car,WA,0
184,46,24046,21,OWN,2492,36,5.51,0.183,655,0,0,1,debt_consolidation,WI,0
185,42,30979,18,MORTGAGE,9930,36,13.06,0.236,744,7,0,2,car,TX,0
186,18,35227,0,OTHER,7796,36,10.48,0.099,680,6,0,0,home_improvement,IN,0
187,55,143852,8,RENT,15032,60,6.13,0.078,721,13,2,0,home_improvement,PA,0
188,46,66688,8,RENT,13907,60,10.23,0.212,689,6,0,0,home_improvement,AZ,1
189,31,85235,5,RENT,31337,36,8.68,0.315,768,6,0,4,debt_consolidation,NY,0
190,24,44753,2,RENT,11786,60,10.78,0.151,724,13,1,1,debt_consolidation,GA,0
191,30,38240,9,OWN,13231,60,11.96,0.275,703,4,0,2,small_business,PA,1
192,66,68077,30,RENT,21665,60,12.42,0.275,767,9,0,1,debt_consolidation,WI,0
193,71,94374,16,RENT,9376,60,7.92,0.162,703,2,0,1,debt_consolidation,VA,0
194,62,34572,11,OWN,10510,36,10.6,0.367,679,6,0,0,other,IN,0
195,58,57006,30,MORTGAGE,12303,36,10.73,0.197,716,5,0,2,credit_card,MD,0
196,44,82474,19,MORTGAGE,10328,36,10.67,0.153,663,7,0,0,credit_card,PA,0
197,58,51408,30,MORTGAGE,10148,36,7.42,0.276,707,6,0,0,home_improvement,NJ,0
198,25,42617,3,RENT,19490,60,14.99,0.391,739,7,1,0,home_improvement,OH,1
199,61,21267,13,RENT,1682,36,6.29,0.161,641,9,0,2,credit_card,NC,1
200,65,62648,21,OWN,14321,36,5.15,0.308,666,10,1,1,other,MI,1
201,60,56987,10,MORTGAGE,27495,36,15.05,0.626,608,10,2,0,car,CA,1
202,75,34172,17,RENT,8414,36,7.87,0.275,588,17,0,0,credit_card,MD,1
203,26,43127,4,MORTGAGE,13837,60,12.06,0.267,602,1,0,2,car,MA,1
204,47,21199,7,MORTGAGE,6340,60,10.85,0.447,685,2,1,2,debt_consolidation,TN,1
205,23,65018,3,OWN,21679,36,11.14,0.421,677,4,2,0,other,MI,1
206,37,50299,6,MORTGAGE,12566,60,10.14,0.405,658,15,2,1,debt_consolidation,OH,1
207,39,28899,5,OWN,11801,36,12.68,0.407,709,7,2,1,small_business,WI,1
208,41,78708,13,OWN,6433,60,9.09,0.174,693,7,0,1,small_business,PA,0
209,66,51042,15,RENT,5039,60,8.85,0.075,641,11,1,2,credit_card,MO,0
210,63,40660,23,MORTGAGE,10506,60,12.3,0.135,717,7,1,2,small_business,TX,1
211,55,141075,32,OWN,41010,60,9.62,0.359,686,14,2,0,debt_consolidation,TN,0
212,29,106576,6,MORTGAGE,4882,60,6.32,0.114,806,7,0,0,small_business,WI,0
213,25,73314,5,MORTGAGE,11010,36,5.01,0.112,675,14,1,0,debt_consolidation,PA,0
214,27,21759,1,MORTGAGE,3323,60,12.08,0.225,679,7,0,0,small_business,IN,1
215,20,36363,1,MORTGAGE,10654,60,7.33,0.288,649,5,3,3,other,NC,1
216,30,40106,4,MORTGAGE,1602,60,4.93,0.143,671,13,0,0,car,TX,0
217,62,30310,18,MORTGAGE,14853,60,12.41,0.584,667,5,0,0,credit_card,AZ,1
218,67,43465,40,MORTGAGE,12665,36,10.55,0.302,628,0,1,1,debt_consolidation,TX,1
219,50,54108,21,RENT,24681,36,16.92,0.644,612,11,0,1,small_business,IL,1
220,60,56294,17,MORTGAGE,14788,60,12.07,0.288,723,12,0,1,small_business,CA,1
221,67,60402,10,MORTGAGE,8489,36,7.53,0.222,735,9,0,1,debt_consolidation,NJ,1
222,73,21263,24,MORTGAGE,4188,36,8.27,0.214,656,4,0,1,debt_consolidation,MO,1
223,69,51101,16,MORTGAGE,16202,36,10.88,0.355,683,12,2,1,home_improvement,MO,1
224,71,32422,34,MORTGAGE,13777,36,12.05,0.484,649,17,1,1,small_business,MI,1
225,18,49224,0,RENT,6737,60,8.57,0.153,700,0,0,0,small_business,OH,0
226,50,107971,13,OWN,34035,36,9.65,0.31,689,7,0,0,other,NJ,1
227,60,82010,29,OWN,5685,36,7.08,0.083,746,14,0,1,other,CA,0
228,32,40253,6,MORTGAGE,8079,36,8.94,0.345,708,7,0,3,credit_card,GA,1
229,31,45502,6,OWN,9734,36,7.85,0.152,628,9,1,1,credit_card,GA,0
230,55,78738,32,RENT,22744,60,11.3,0.263,657,6,1,2,credit_card,AZ,1
231,66,113524,28,MORTGAGE,50269,36,14.87,0.531,689,8,2,1,other,MO,1
232,67,57772,31,MORTGAGE,18583,60,9.93,0.341,672,12,0,0,credit_card,CA,1
233,50,78589,11,MORTGAGE,15045,60,6.1,0.227,672,7,0,1,small_business,NC,0
234,66,48451,10,MORTGAGE,12191,36,5.5,0.327,601,15,2,0,credit_card,VA,1
235,57,58816,25,RENT,12141,36,8.44,0.105,638,10,0,1,small_business,CA,0
236,19,40087,0,OWN,13312,36,10.41,0.278,683,3,1,1,debt_consolidation,MO,1
237,31,68281,5,OTHER,21363,36,12.28,0.419,629,8,1,0,small_business,GA,1
238,75,41853,40,MORTGAGE,1461,60,7.08,0.122,687,6,0,3,debt_consolidation,WA,0
239,44,35004,5,MORTGAGE,10220,36,9.79,0.442,673,14,2,0,home_improvement,TN,1
240,43,22255,19,MORTGAGE,7611,36,10.22,0.365,560,9,2,0,small_business,NY,1
241,48,37932,19,RENT,3289,60,3.0,0.07,682,3,0,0,debt_consolidation,IL,0
242,31,47022,5,OWN,8365,36,5.62,0.266,632,4,0,3,debt_consolidation,TN,1
243,43,42178,16,MORTGAGE,1338,36,8.95,0.196,717,8,1,1,car,WI,0
244,34,85065,6,OWN,34254,36,12.41,0.375,711,13,2,0,credit_card,WI,1
245,47,39340,20,OWN,5677,60,7.91,0.274,711,5,0,1,small_business,IL,0
246,72,46273,40,OWN,6147,60,8.17,0.15,695,6,0,2,credit_card,CA,1
247,30,31247,6,OWN,2529,60,5.79,0.194,714,4,0,1,small_business,MO,0
248,35,87881,11,MORTGAGE,18256,60,10.84,0.171,672,13,1,2,credit_card,FL,1
249,40,125687,7,MORTGAGE,48504,60,10.11,0.29,828,6,0,1,debt_consolidation,NC,0
250,41,83363,9,RENT,34138,36,15.11,0.527,649,13,2,1,debt_consolidation,FL,1
251,64,42604,31,MORTGAGE,6796,36,8.14,0.215,613,9,1,1,small_business,MO,1
252,25,38896,5,OWN,5377,36,13.12,0.075,609,17,0,0,home_improvement,TN,1
253,62,36047,16,OWN,11611,36,9.94,0.334,686,8,0,1,debt_consolidation,MO,1
254,45,33025,8,MORTGAGE,10377,36,11.3,0.381,704,9,1,2,home_improvement,PA,1
255,40,56518,11,MORTGAGE,18462,60,10.93,0.348,643,7,0,1,other,OH,1
256,55,27158,14,OTHER,8475,60,11.31,0.534,738,10,1,1,other,WA,1
257,51,46010,24,OWN,17028,36,11.35,0.294,618,7,1,0,debt_consolidation,NJ,1
258,45,39307,16,OWN,16479,36,10.57,0.273,665,10,0,0,debt_consolidation,FL,1
259,21,79031,2,MORTGAGE,25633,36,12.94,0.415,729,6,0,0,credit_card,CA,0
260,36,42461,13,RENT,2557,60,5.84,0.164,615,8,0,1,other,TX,1
261,75,50398,18,MORTGAGE,20011,60,11.59,0.491,693,4,0,1,debt_consolidation,CA,1
262,52,62405,19,RENT,17509,60,9.13,0.415,712,2,1,0,credit_card,MA,1
263,62,24638,21,RENT,9398,36,6.94,0.391,664,15,4,0,car,NC,1
264,40,17943,12,RENT,3952,60,10.54,0.138,710,9,0,1,small_business,TX,1
265,52,32822,26,MORTGAGE,2879,36,8.85,0.079,724,16,0,1,small_business,GA,1
266,38,49377,4,OWN,5519,60,4.85,0.267,643,6,0,0,car,TN,1
267,47,28776,25,OTHER,7238,36,7.99,0.167,643,11,0,0,other,TN,1
268,36,85306,8,RENT,9710,36,6.41,0.109,781,4,0,1,debt_consolidation,GA,0
269,36,26334,15,MORTGAGE,10052,60,12.69,0.247,694,5,0,1,small_business,AZ,1
270,44,42517,10,OWN,13926,60,11.63,0.387,693,7,1,0,credit_card,FL,1
271,51,53329,11,OTHER,13732,36,5.27,0.317,700,5,1,0,small_business,IL,1
272,44,22752,23,RENT,6697,36,8.66,0.372,667,9,4,0,other,AZ,1
273,47,30525,21,OWN,4722,60,7.84,0.234,640,13,0,2,debt_consolidation,MA,1
274,74,26508,40,OWN,10478,36,13.03,0.492,670,11,2,0,small_business,PA,1
275,54,124189,20,OTHER,48309,36,16.45,0.349,663,12,1,0,car,FL,1
276,29,60570,9,MORTGAGE,14998,36,10.22,0.2,654,4,0,1,car,OH,1
277,44,23249,18,OWN,11334,36,12.27,0.472,719,2,1,1,small_business,IL,1
278,67,45702,21,RENT,1013,36,9.74,0.147,742,8,1,0,home_improvement,NY,0
279,68,77517,40,MORTGAGE,1515,60,8.86,0.129,619,12,0,0,debt_consolidation,VA,0
280,63,18495,37,MORTGAGE,1000,36,4.11,0.161,585,8,0,1,debt_consolidation,MA,1
281,19,94719,0,RENT,9877,60,6.88,0.099,629,7,0,2,debt_consolidation,AZ,0
282,64,29559,12,RENT,6029,36,9.44,0.297,659,9,0,2,home_improvement,TN,0
283,62,46974,29,RENT,13520,60,10.38,0.346,652,9,0,3,home_improvement,MA,1
284,72,26604,40,RENT,12524,60,13.88,0.548,625,9,3,0,credit_card,TN,1
285,58,38622,22,RENT,6073,36,7.78,0.165,690,18,0,0,small_business,IL,0
286,30,22753,5,RENT,6544,36,9.43,0.227,625,7,0,1,credit_card,NJ,0
287,73,16962,37,OWN,7308,60,15.22,0.244,628,5,0,0,home_improvement,NY,0
288,74,34489,40,RENT,12972,60,14.89,0.55,634,12,1,0,credit_card,OH,1
289,35,57970,3,OWN,11008,60,5.61,0.188,623,10,1,2,debt_consolidation,MI,0
290,38,40432,16,MORTGAGE,4073,60,11.97,0.107,706,12,0,0,credit_card,TN,0
291,74,111826,32,MORTGAGE,17166,36,12.55,0.196,685,10,0,0,small_business,TX,0
292,75,51724,40,MORTGAGE,12745,36,13.28,0.211,685,5,1,2,home_improvement,NJ,0
293,72,54453,29,RENT,15007,36,10.23,0.307,654,13,1,1,credit_card,WA,1
294,34,80409,3,MORTGAGE,5765,60,5.4,0.1,672,11,1,0,debt_consolidation,OH,0
295,71,65907,23,MORTGAGE,9814,36,9.01,0.265,677,11,2,2,debt_consolidation,WA,1
296,33,35431,11,MORTGAGE,6313,36,11.56,0.273,614,10,1,0,credit_card,IL,0
297,36,47844,9,OTHER,13130,36,10.08,0.432,633,11,0,3,credit_card,TX,0
298,45,26767,23,OWN,4763,60,6.58,0.23,667,13,0,1,credit_card,PA,0
299,72,56456,19,MORTGAGE,13155,36,12.44,0.224,716,9,0,1,home_improvement,WA,0
300,52,33951,22,RENT,13439,60,9.97,0.541,706,9,1,2,debt_consolidation,MI,1
301,46,31178,8,MORTGAGE,4250,60,9.51,0.162,668,11,0,0,credit_card,CA,1
302,22,64298,2,MORTGAGE,21948,36,12.08,0.332,709,0,1,0,car,FL,0
303,75,30600,20,RENT,6985,36,7.86,0.252,658,10,0,2,credit_card,CA,0
304,31,71058,7,OWN,5641,36,4.66,0.203,600,6,0,2,credit_card,MD,1
305,44,32860,23,RENT,14607,60,11.94,0.601,624,8,2,1,other,GA,1
306,56,65990,13,OWN,5260,60,7.52,0.192,677,6,0,0,debt_consolidation,NC,0
307,30,49380,3,RENT,4521,36,8.38,0.186,728,9,0,1,small_business,TN,1
308,55,22575,26,MORTGAGE,3831,60,8.84,0.174,636,13,1,0,small_business,FL,1
309,47,28061,17,MORTGAGE,9833,60,11.65,0.511,680,9,1,3,debt_consolidation,OH,1
310,51,56819,17,RENT,14997,36,9.07,0.218,676,13,0,1,debt_consolidation,NJ,0
311,21,39663,2,RENT,13513,60,11.95,0.311,631,0,0,2,debt_consolidation,MO,1
312,50,73998,21,MORTGAGE,16174,36,9.51,0.282,742,12,0,1,car,OH,0
313,67,128216,22,MORTGAGE,36334,60,10.49,0.374,694,4,1,0,debt_consolidation,WA,0
314,60,48635,30,RENT,22115,36,15.64,0.515,651,9,5,0,debt_consolidation,PA,1
315,31,19727,4,RENT,7985,36,12.78,0.295,599,12,1,0,debt_consolidation,MI,0
316,70,55150,24,OWN,1188,60,9.49,0.106,682,1,2,0,small_business,FL,0
317,64,66407,20,RENT,17877,60,10.75,0.201,607,11,0,0,home_improvement,IL,1
318,32,63526,4,RENT,19343,36,9.53,0.353,684,1,0,1,credit_card,MA,1
319,54,56416,7,MORTGAGE,26159,36,11.99,0.543,725,13,1,4,credit_card,CA,0
320,48,47657,19,OWN,15214,60,13.36,0.413,727,12,1,1,credit_card,MO,1
321,40,27469,6,MORTGAGE,10420,36,14.7,0.509,692,5,1,0,other,MD,1
322,44,49549,16,RENT,5509,60,11.03,0.195,642,7,0,0,debt_consolidation,GA,0
323,36,38592,6,MORTGAGE,5377,36,7.92,0.256,626,6,0,0,credit_card,NY,1
324,70,43564,25,RENT,6277,36,11.54,0.139,646,9,0,1,credit_card,AZ,0
325,57,41460,16,MORTGAGE,13391,36,12.94,0.293,701,4,0,2,credit_card,OH,1
326,40,54651,17,MORTGAGE,9815,36,13.99,0.226,637,2,1,0,debt_consolidation,NY,1
327,30,25497,4,MORTGAGE,5254,60,6.86,0.131,682,8,0,1,debt_consolidation,TX,0
328,65,73499,35,RENT,31173,60,13.3,0.483,704,8,2,0,credit_card,TX,1
329,59,124829,20,MORTGAGE,7819,60,10.95,0.164,754,14,1,2,credit_card,WA,0
330,70,19601,13,MORTGAGE,3287,60,10.68,0.262,568,15,1,2,debt_consolidation,VA,1
331,30,27886,9,OWN,4540,60,8.68,0.297,651,8,0,0,small_business,WA,1
332,57,80612,30,MORTGAGE,15282,36,7.25,0.171,724,6,3,0,credit_card,IN,0
333,32,27495,11,RENT,5490,36,10.84,0.136,641,3,0,0,other,NY,1
334,69,40496,39,RENT,1664,36,6.89,0.167,682,3,0,0,credit_card,GA,1
335,74,44324,29,RENT,18705,36,13.45,0.519,701,10,2,0,small_business,PA,1
336,63,49673,19,MORTGAGE,7468,60,11.26,0.268,594,13,1,0,credit_card,NC,1
337,22,12000,1,MORTGAGE,7317,36,15.47,0.411,568,12,0,1,other,PA,1
338,62,22780,9,MORTGAGE,9583,36,9.43,0.448,756,12,1,1,other,IL,1
339,46,46437,9,MORTGAGE,7610,36,8.91,0.157,662,5,0,1,home_improvement,FL,1
340,27,121550,6,OWN,36632,60,7.68,0.326,759,15,0,2,car,TX,0
341,25,75955,1,OWN,10259,36,9.29,0.171,686,6,1,2,credit_card,IN,0
342,24,83245,5,MORTGAGE,9064,60,8.01,0.264,672,4,0,2,car,AZ,0
343,24,16497,2,RENT,7432,60,11.29,0.694,582,8,0,1,other,MO,1
344,31,43584,4,MORTGAGE,9263,36,7.07,0.268,655,5,0,3,debt_consolidation,WA,1
345,51,43846,18,MORTGAGE,9564,36,8.06,0.25,661,10,0,0,debt_consolidation,VA,0
346,44,106349,22,RENT,41040,36,12.21,0.508,752,3,3,1,credit_card,WA,1
347,29,53760,6,OWN,18014,36,9.32,0.483,748,12,1,2,credit_card,PA,1
348,41,54450,8,MORTGAGE,22366,60,9.79,0.455,691,10,3,0,credit_card,TN,1
349,56,47689,32,OWN,5061,36,9.95,0.251,739,9,0,1,credit_card,NJ,0
350,26,54007,4,MORTGAGE,18625,36,8.28,0.247,655,14,0,0,home_improvement,WA,1
351,25,23192,4,MORTGAGE,3189,60,8.95,0.154,623,8,0,1,credit_card,MO,1
352,50,45493,25,OWN,5657,36,6.61,0.143,626,3,0,0,small_business,WI,1
353,33,30634,6,MORTGAGE,8472,36,9.97,0.373,638,8,3,1,credit_card,GA,1
354,50,50829,16,OWN,13195,60,11.1,0.286,629,6,0,0,credit_card,CA,1
355,40,81336,5,RENT,10446,36,3.0,0.158,739,7,0,1,credit_card,NJ,0
356,24,39902,3,MORTGAGE,6838,36,11.69,0.304,682,4,0,0,car,MO,1
357,71,21264,38,OWN,5086,60,6.17,0.258,741,6,0,0,debt_consolidation,WA,0
358,29,56432,3,MORTGAGE,4233,60,5.4,0.268,649,9,0,1,debt_consolidation,VA,1
359,57,24226,19,MORTGAGE,4995,36,11.0,0.322,734,6,0,1,debt_consolidation,NY,1
360,64,17394,32,MORTGAGE,6898,36,10.68,0.35,594,8,3,0,debt_consolidation,TN,1
361,44,88544,22,MORTGAGE,9749,36,6.89,0.139,753,7,0,2,car,WA,0
362,30,115485,10,MORTGAGE,40282,36,12.33,0.357,710,7,2,0,home_improvement,TX,0
363,63,28825,32,RENT,6713,60,9.18,0.366,678,9,1,1,home_improvement,VA,1
364,56,37941,16,RENT,13663,60,12.67,0.203,586,7,1,1,car,NY,1
365,52,148699,15,OWN,52624,36,13.98,0.454,699,12,1,1,debt_consolidation,TN,0
366,63,21263,13,MORTGAGE,7827,36,12.91,0.424,619,11,2,0,credit_card,CA,1
367,57,30036,21,MORTGAGE,15888,60,18.12,0.542,678,7,0,1,debt_consolidation,WA,1
368,30,52258,2,MORTGAGE,7512,36,3.0,0.138,657,7,0,0,small_business,IN,0
369,43,12000,18,MORTGAGE,2363,60,8.25,0.273,669,10,0,1,small_business,NY,1
370,21,30056,2,MORTGAGE,11306,60,11.89,0.376,681,3,1,2,credit_card,FL,1
371,60,76306,16,MORTGAGE,15551,60,8.75,0.156,605,1,1,1,home_improvement,NJ,0
372,68,69885,34,OTHER,8355,36,6.5,0.211,664,5,0,3,small_business,VA,0
373,20,35103,0,MORTGAGE,10553,36,11.58,0.3,662,13,0,2,debt_consolidation,AZ,1
374,66,46923,38,OTHER,13147,36,11.73,0.233,723,18,1,0,debt_consolidation,FL,0
375,71,76570,36,OWN,10992,36,9.31,0.25,718,8,0,0,credit_card,MO,0
376,27,60051,5,RENT,22552,36,8.51,0.508,668,8,1,0,credit_card,TX,1
377,66,85578,30,MORTGAGE,5377,60,10.62,0.208,703,5,1,1,small_business,MD,0
378,74,125500,29,MORTGAGE,22889,60,11.01,0.173,614,6,0,1,home_improvement,FL,0
379,18,44828,0,RENT,4540,36,7.65,0.186,759,15,0,3,debt_consolidation,WA,0
380,65,121937,27,MORTGAGE,22525,60,6.07,0.365,671,6,3,2,credit_card,IL,1
381,67,68161,17,MORTGAGE,18226,36,8.06,0.319,693,1,1,1,other,MA,1
382,60,38450,16,RENT,1480,60,9.02,0.16,627,3,0,1,debt_consolidation,FL,1
383,29,58037,9,MORTGAGE,7717,36,11.06,0.149,713,15,0,0,other,MA,0
384,35,31351,3,OWN,7967,36,10.25,0.241,669,6,1,0,small_business,MA,0
385,54,68381,31,MORTGAGE,16242,60,9.46,0.221,593,20,0,0,small_business,NY,1
386,37,62165,13,RENT,8847,36,6.83,0.114,699,9,0,1,credit_card,NY,0
387,36,51509,14,MORTGAGE,17179,36,9.78,0.434,649,7,3,0,debt_consolidation,OH,1
388,36,103037,5,OTHER,39303,36,11.22,0.28,726,8,1,0,home_improvement,TX,0
389,69,28745,35,OTHER,1000,60,4.86,0.105,648,10,0,0,debt_consolidation,TX,0
390,31,65744,9,OWN,13872,36,11.28,0.139,674,9,0,0,home_improvement,PA,0
391,73,39677,24,MORTGAGE,1905,36,8.74,0.093,692,9,0,2,home_improvement,IL,1
392,50,64147,24,RENT,14490,60,11.04,0.297,622,5,0,0,credit_card,OH,1
393,42,64158,17,RENT,14033,36,4.32,0.224,693,5,2,0,home_improvement,GA,0
394,64,103920,40,MORTGAGE,30407,36,7.94,0.338,779,12,0,1,credit_card,NY,0
395,73,56786,38,RENT,7760,60,6.21,0.248,638,10,0,1,small_business,IN,0
396,45,86350,6,MORTGAGE,24791,36,11.93,0.368,639,12,3,3,car,MD,1
397,66,69028,36,RENT,20536,36,11.79,0.339,707,13,0,2,debt_consolidation,NC,0
398,37,93483,4,MORTGAGE,33729,36,14.3,0.418,710,12,1,0,other,IL,1
399,43,70628,7,RENT,24356,36,12.32,0.319,641,18,0,0,small_business,MD,1
400,62,26504,36,MORTGAGE,4332,36,8.81,0.288,656,7,0,1,other,TX,0
401,56,109820,27,RENT,10094,36,11.47,0.102,657,9,0,0,credit_card,OH,0
402,46,63175,19,OWN,24244,36,8.99,0.419,628,11,2,1,debt_consolidation,MD,1
403,41,86001,11,MORTGAGE,18693,60,10.38,0.213,674,9,0,1,debt_consolidation,CA,0
404,34,41752,3,MORTGAGE,12332,36,13.02,0.206,637,12,2,1,small_business,GA,1
405,67,43043,12,MORTGAGE,15420,60,13.5,0.278,620,8,1,0,other,MO,1
406,71,54966,28,OWN,7742,36,3.0,0.138,718,11,0,1,debt_consolidation,VA,0
407,46,39077,15,RENT,13849,36,8.55,0.498,574,11,0,3,debt_consolidation,WA,1
408,71,57595,12,MORTGAGE,14312,36,8.38,0.417,713,12,2,0,small_business,IL,1
409,69,72265,16,RENT,7240,60,3.0,0.102,696,5,2,2,debt_consolidation,WA,0
410,47,70952,12,OWN,4163,60,5.01,0.037,723,3,0,0,other,NY,0
411,52,82151,20,RENT,18319,60,8.94,0.188,748,5,0,1,debt_consolidation,NJ,0
412,42,22835,12,MORTGAGE,3355,60,5.18,0.214,638,1,0,1,debt_consolidation,WI,1
413,26,30172,6,OWN,2152,60,6.01,0.153,684,7,0,0,debt_consolidation,IL,1
414,29,46827,8,MORTGAGE,12577,36,11.58,0.227,710,6,1,2,debt_consolidation,NJ,1
415,61,73632,28,MORTGAGE,6543,60,6.95,0.149,694,12,0,0,other,WA,0
416,55,79957,27,MORTGAGE,21938,36,9.7,0.213,672,11,2,0,credit_card,MD,1
417,74,56618,16,MORTGAGE,23082,60,14.75,0.338,735,7,0,2,debt_consolidation,IL,1
418,50,133627,20,OWN,23758,36,12.58,0.153,710,6,0,2,debt_consolidation,MO,0
419,64,26661,33,MORTGAGE,10471,36,14.59,0.509,638,15,1,0,debt_consolidation,FL,1
420,19,70299,0,MORTGAGE,19609,60,9.53,0.324,596,6,4,2,debt_consolidation,NC,1
421,69,37731,29,OWN,12177,36,6.95,0.429,580,7,1,1,debt_consolidation,AZ,1
422,73,23569,40,OWN,10802,36,8.11,0.435,619,4,4,2,car,TX,1
423,20,38147,0,MORTGAGE,15399,60,14.19,0.565,661,10,3,1,credit_card,IN,1
424,23,29043,2,OWN,5079,60,9.86,0.163,631,6,1,0,credit_card,WI,1
425,24,18303,3,RENT,3639,36,10.4,0.328,602,3,0,1,small_business,NC,1
426,34,35235,12,RENT,5722,36,9.07,0.204,690,8,0,1,debt_consolidation,NY,1
427,43,47264,8,OWN,12852,60,8.13,0.286,618,6,0,1,credit_card,MA,1
428,48,37889,15,MORTGAGE,14140,36,13.37,0.418,677,8,0,2,small_business,WA,1
429,75,96168,14,MORTGAGE,8161,60,7.09,0.081,670,12,0,0,debt_consolidation,GA,0
430,21,25713,2,MORTGAGE,7154,36,10.83,0.208,691,12,1,1,home_improvement,AZ,0
431,65,92744,40,OTHER,22307,36,9.62,0.298,697,13,1,1,home_improvement,WA,1
432,72,46862,40,RENT,7318,60,7.25,0.139,553,5,0,1,credit_card,MI,0
433,68,24206,15,RENT,8341,60,11.58,0.382,571,8,3,1,car,WA,1
434,60,35978,8,OTHER,9026,60,10.63,0.336,700,9,1,2,credit_card,MO,1
435,34,49726,5,RENT,17479,60,15.26,0.195,710,9,0,0,home_improvement,IL,0
436,56,64472,12,OWN,1000,60,9.85,0.028,690,3,1,3,debt_consolidation,PA,0
437,18,20154,0,MORTGAGE,4963,36,10.14,0.353,646,5,2,0,credit_card,AZ,1
438,57,49787,17,MORTGAGE,18271,36,11.1,0.472,673,9,1,1,car,NY,1
439,75,57658,38,MORTGAGE,12089,60,10.13,0.219,694,7,0,0,credit_card,VA,1
440,72,88222,15,RENT,29018,60,10.41,0.329,699,8,0,1,home_improvement,MA,1
441,40,56023,15,RENT,9726,36,10.28,0.123,620,1,1,0,credit_card,TN,1
442,70,28405,36,OWN,9006,36,10.53,0.468,591,2,0,1,other,MD,1
443,34,70191,5,MORTGAGE,13325,36,11.18,0.188,693,0,0,0,credit_card,GA,0
444,22,86389,3,OWN,27178,36,12.83,0.319,672,8,2,1,home_improvement,MI,1
445,63,44358,36,OWN,3473,60,9.2,0.115,689,15,0,0,debt_consolidation,GA,0
446,28,29364,5,OWN,10953,60,9.0,0.368,696,8,0,0,credit_card,IL,0
447,53,51465,15,OWN,18584,36,12.41,0.367,648,11,2,3,credit_card,WI,1
448,25,55330,3,MORTGAGE,25221,60,13.44,0.422,699,1,2,0,small_business,IN,1
449,54,58449,11,OWN,8136,60,10.7,0.25,659,2,0,2,debt_consolidation,AZ,0
450,34,27917,7,MORTGAGE,2517,60,6.24,0.218,639,21,0,1,debt_consolidation,IN,1
451,73,37109,40,OWN,16541,60,11.96,0.365,737,8,2,1,credit_card,CA,1
452,58,111368,28,MORTGAGE,37966,36,11.39,0.283,762,10,1,0,credit_card,NY,0
453,20,61957,0,MORTGAGE,16765,36,8.72,0.333,662,0,0,0,debt_consolidation,GA,0
454,38,24226,7,MORTGAGE,1467,36,3.86,0.131,693,3,1,0,other,CA,1
455,58,44741,25,OWN,1000,36,6.52,0.112,737,4,0,1,credit_card,MD,0
456,51,18420,24,MORTGAGE,7095,36,13.87,0.491,633,10,2,2,car,CA,1
457,73,31750,38,RENT,3082,36,4.47,0.213,697,7,0,1,debt_consolidation,IL,0
458,53,34746,9,MORTGAGE,13100,36,11.59,0.527,608,0,2,0,home_improvement,NJ,1
459,71,36745,40,MORTGAGE,8947,60,8.81,0.271,666,7,0,0,credit_card,MI,0
460,45,61042,24,RENT,23415,36,8.63,0.482,696,15,1,1,home_improvement,IN,1
461,65,35403,40,MORTGAGE,2784,60,8.33,0.226,704,2,0,0,home_improvement,GA,0
462,43,20504,21,OWN,3511,36,11.21,0.259,604,12,0,3,debt_consolidation,NJ,0
463,71,57371,15,MORTGAGE,18478,60,6.7,0.238,709,11,0,1,debt_consolidation,MA,1
464,65,218384,29,RENT,55058,36,9.23,0.206,708,0,0,0,debt_consolidation,GA,0
465,31,57072,9,RENT,14220,60,10.5,0.355,592,14,1,1,credit_card,NC,1
466,70,70011,39,RENT,9357,36,9.55,0.136,732,8,1,2,debt_consolidation,MO,0
467,24,61102,2,MORTGAGE,28688,36,13.71,0.658,586,5,0,0,small_business,GA,1
468,61,22890,25,OWN,5749,60,13.06,0.211,676,0,0,3,small_business,MD,1
469,41,59459,9,OWN,8534,36,6.85,0.131,710,10,0,0,home_improvement,FL,0
470,47,47428,6,MORTGAGE,3186,36,8.43,0.131,673,12,0,0,credit_card,TN,0
471,57,35268,15,OWN,13776,60,11.79,0.313,641,12,0,1,other,AZ,0
472,25,71852,2,RENT,7903,60,5.37,0.228,693,8,0,1,debt_consolidation,WA,1
473,28,41002,3,RENT,12428,60,12.44,0.32,670,0,0,0,car,PA,1
474,25,18557,4,OWN,1000,60,8.86,0.094,529,9,0,3,car,OH,1
475,74,46823,28,MORTGAGE,10064,60,4.03,0.305,680,10,1,0,credit_card,GA,1
476,53,12000,25,OWN,1249,36,9.18,0.192,669,10,1,0,small_business,GA,1
477,51,29154,15,MORTGAGE,7721,60,11.02,0.328,633,10,0,0,debt_consolidation,TN,1
478,54,29473,10,MORTGAGE,11239,36,11.33,0.37,621,1,2,0,other,AZ,1
479,26,31876,7,RENT,14243,60,15.46,0.493,648,9,3,1,home_improvement,AZ,1
480,24,20470,4,MORTGAGE,6857,36,12.42,0.384,565,7,2,1,credit_card,AZ,1
481,36,67428,12,OWN,3292,60,5.96,0.037,746,11,0,3,debt_consolidation,WA,0
482,70,82498,21,MORTGAGE,19468,36,8.19,0.421,668,4,2,0,car,VA,1
483,47,75811,9,OWN,19158,36,8.45,0.29,739,11,0,0,debt_consolidation,FL,0
484,55,65386,23,MORTGAGE,24322,60,10.82,0.425,680,8,2,0,home_improvement,NY,1
485,61,112489,11,MORTGAGE,38784,36,10.17,0.341,714,13,0,0,small_business,AZ,0
486,24,22090,2,MORTGAGE,11959,36,12.89,0.505,581,1,1,1,small_business,MI,1
487,54,59453,22,MORTGAGE,18478,60,9.31,0.404,670,10,0,0,debt_consolidation,NC,1
488,69,24473,22,OWN,7365,60,7.91,0.261,575,3,1,3,small_business,PA,1
489,65,35547,21,MORTGAGE,7297,36,5.52,0.295,597,6,1,1,credit_card,NC,1
490,69,40658,37,RENT,6572,36,7.14,0.24,583,8,1,0,credit_card,IN,1
491,50,58037,14,MORTGAGE,12825,36,10.66,0.32,586,5,0,1,debt_consolidation,MD,1
492,55,38800,32,MORTGAGE,8906,60,8.99,0.224,715,9,1,2,credit_card,OH,0
493,42,101681,14,RENT,21517,60,4.47,0.341,680,4,0,1,small_business,CA,1
494,64,38799,16,MORTGAGE,8802,36,12.88,0.164,621,8,1,0,small_business,NY,1
495,40,44973,6,MORTGAGE,8797,60,9.72,0.187,705,2,1,2,small_business,IN,0
496,50,41875,12,MORTGAGE,16939,36,9.56,0.386,564,6,1,0,debt_consolidation,TN,1
497,18,32253,0,OTHER,10727,60,12.06,0.322,626,7,0,0,credit_card,GA,1
498,45,35554,22,RENT,4049,60,6.86,0.22,698,11,1,0,debt_consolidation,GA,0
499,36,34891,12,RENT,10448,60,12.44,0.433,672,7,1,1,car,AZ,1
500,66,62320,38,MORTGAGE,18149,36,12.88,0.263,696,7,1,2,debt_consolidation,FL,1
501,59,50008,13,MORTGAGE,11847,60,10.91,0.232,680,1,1,0,debt_consolidation,NC,1
502,36,28308,13,MORTGAGE,7845,36,14.38,0.452,692,11,2,2,small_business,AZ,1
503,67,58131,39,RENT,24263,36,11.24,0.275,668,0,0,2,small_business,NY,0
504,34,39513,12,MORTGAGE,1000,60,5.97,0.082,692,10,0,0,other,PA,0
505,62,37937,20,OWN,17527,60,15.63,0.338,635,9,0,3,debt_consolidation,NC,1
506,70,62561,40,OWN,30341,36,15.54,0.575,726,16,0,0,car,FL,1
507,36,40396,9,MORTGAGE,12048,60,8.25,0.371,678,11,0,1,credit_card,IL,1
508,61,75303,12,RENT,12446,36,7.42,0.279,650,6,1,0,other,FL,1
509,74,32218,23,MORTGAGE,3336,36,10.52,0.163,681,9,1,1,credit_card,IL,1
510,23,32710,1,MORTGAGE,7611,60,10.95,0.312,639,10,1,1,car,AZ,1
511,54,54853,21,RENT,7746,36,7.49,0.176,565,14,0,2,car,CA,0
512,24,30632,4,MORTGAGE,6734,60,7.27,0.262,682,10,0,1,debt_consolidation,NY,0
513,55,60139,24,RENT,6177,60,10.0,0.15,627,8,0,0,home_improvement,NJ,0
514,32,27220,10,MORTGAGE,12287,36,13.29,0.35,707,6,1,1,other,WI,1
515,34,48865,11,RENT,21127,60,10.13,0.375,765,11,1,1,credit_card,NC,1
516,68,38732,39,RENT,5677,36,6.56,0.285,564,7,0,0,debt_consolidation,MD,1
517,66,26010,11,OTHER,10086,60,14.44,0.343,591,13,0,1,other,WA,1
518,58,60700,16,RENT,1000,36,9.3,0.043,712,2,0,0,small_business,MD,0
519,56,50220,28,MORTGAGE,14123,36,9.26,0.317,644,9,0,2,small_business,NY,0
520,60,26989,24,RENT,4159,60,8.12,0.135,584,8,1,0,credit_card,WI,1
521,39,26280,16,MORTGAGE,9691,36,12.75,0.332,643,4,0,0,small_business,VA,1
522,46,73125,8,RENT,24836,60,7.94,0.353,774,3,5,0,debt_consolidation,PA,0
523,19,30795,0,RENT,6813,36,11.0,0.229,608,3,0,3,small_business,CA,1
524,40,29729,8,RENT,4311,36,9.32,0.248,665,10,0,0,small_business,CA,1
525,58,60211,29,MORTGAGE,16789,36,9.54,0.361,626,10,1,0,debt_consolidation,MI,1
526,43,126189,16,RENT,12230,36,6.17,0.088,695,9,1,1,credit_card,MI,0
527,18,38766,0,RENT,7676,60,8.13,0.264,594,11,0,1,debt_consolidation,OH,1
528,47,64600,23,OWN,26994,36,11.7,0.285,698,7,0,2,debt_consolidation,MI,0
529,29,81681,6,OWN,10779,36,7.85,0.135,684,14,0,0,small_business,WA,0
530,27,28707,4,OWN,9501,60,11.69,0.436,640,6,3,2,credit_card,AZ,1
531,63,86126,38,OTHER,5783,60,4.5,0.19,688,14,0,2,debt_consolidation,MO,1
532,21,43186,1,MORTGAGE,16092,36,11.54,0.483,757,13,2,2,credit_card,NY,0
533,32,35468,7,RENT,14320,36,13.39,0.414,625,4,3,0,debt_consolidation,MI,1
534,75,50742,40,MORTGAGE,20488,60,13.19,0.594,663,11,2,1,debt_consolidation,TX,1
535,45,51665,7,OWN,26871,36,15.04,0.531,660,8,4,1,car,IL,1
536,27,42108,7,MORTGAGE,10930,36,9.77,0.16,703,8,0,0,home_improvement,AZ,0
537,19,26621,0,RENT,8206,36,11.93,0.346,713,9,1,2,credit_card,MI,0
538,38,29003,10,MORTGAGE,11960,60,12.35,0.54,645,5,0,0,other,IL,1
539,31,20167,8,MORTGAGE,4441,36,11.22,0.198,601,12,0,2,small_business,MA,1
540,62,28109,10,OWN,12110,36,14.41,0.528,695,8,3,0,small_business,NJ,1
541,36,30120,8,OWN,1764,36,8.86,0.065,644,14,0,2,home_improvement,MO,0
542,35,30236,6,OWN,1546,60,7.62,0.11,639,8,0,1,debt_consolidation,GA,0
543,39,53410,11,MORTGAGE,12989,60,11.29,0.208,713,8,0,1,debt_consolidation,MO,0
544,52,38169,7,MORTGAGE,10471,36,12.95,0.279,539,12,0,0,credit_card,TN,1
545,60,39877,32,MORTGAGE,11154,60,13.92,0.315,690,8,0,0,small_business,MO,1
546,62,40099,11,RENT,16030,60,13.65,0.458,652,12,1,0,home_improvement,MO,1
547,19,26907,0,MORTGAGE,6255,36,11.72,0.262,653,5,0,1,debt_consolidation,MO,1
548,21,69164,1,MORTGAGE,8693,60,8.44,0.172,704,11,1,1,small_business,NC,0
549,33,25634,12,MORTGAGE,8311,60,9.37,0.295,676,5,0,0,credit_card,IL,1
550,28,97358,5,RENT,6067,36,6.1,0.115,684,6,0,1,credit_card,MO,0
551,70,49497,26,RENT,12666,36,12.93,0.369,728,2,1,1,car,NY,1
552,57,75113,10,RENT,4298,60,5.77,0.108,710,11,0,0,debt_consolidation,WI,0
553,72,109604,28,OWN,1301,36,3.78,0.108,672,12,0,0,credit_card,CA,1
554,59,57115,11,MORTGAGE,7813,36,4.87,0.184,679,10,0,2,home_improvement,IN,0
555,40,23157,7,MORTGAGE,4388,36,7.71,0.226,631,10,1,0,debt_consolidation,AZ,1
556,56,27365,28,RENT,1000,60,4.85,0.195,624,13,0,1,debt_consolidation,FL,1
557,65,52648,33,OWN,5608,36,7.81,0.125,636,5,0,0,credit_card,MO,0
558,64,48639,40,RENT,20108,60,11.97,0.342,659,9,0,0,car,NJ,1
559,46,16049,20,OWN,3640,60,11.5,0.346,729,10,1,1,small_business,MA,1
560,39,49419,7,OWN,14850,36,10.49,0.384,635,9,0,1,other,IL,1
561,72,18613,36,MORTGAGE,4795,36,7.14,0.274,681,8,1,1,credit_card,PA,1
562,49,42502,14,MORTGAGE,10453,36,11.07,0.202,672,5,0,0,car,MD,0
563,68,28027,19,RENT,1000,60,7.68,0.086,658,10,0,0,small_business,CA,0
564,35,56919,13,OWN,17633,60,7.7,0.187,738,7,1,1,debt_consolidation,MA,0
565,24,20583,1,MORTGAGE,4632,36,8.5,0.331,640,6,0,1,debt_consolidation,MO,1
566,45,97325,8,MORTGAGE,29362,36,7.23,0.252,670,2,1,2,credit_card,NC,1
567,42,46747,4,OWN,6307,36,9.82,0.151,752,1,1,0,debt_consolidation,IN,0
568,53,228028,23,OWN,96627,36,18.81,0.356,721,7,1,3,other,GA,1
569,21,50137,2,OWN,5495,36,4.27,0.076,670,11,0,0,debt_consolidation,TN,0
570,65,47300,27,RENT,3903,36,7.18,0.123,607,6,0,1,debt_consolidation,CA,0
571,19,32084,0,OWN,10531,36,9.01,0.242,606,12,0,3,debt_consolidation,OH,1
572,44,18757,14,MORTGAGE,1000,36,7.43,0.138,658,5,0,0,home_improvement,AZ,0
573,24,40884,3,MORTGAGE,14016,60,13.83,0.361,582,1,1,0,small_business,OH,1
574,71,53447,28,RENT,21251,36,10.03,0.423,701,14,2,0,debt_consolidation,PA,1
575,35,68156,3,MORTGAGE,24311,36,12.35,0.414,659,14,1,0,debt_consolidation,TX,1
576,70,22625,30,MORTGAGE,10404,36,14.72,0.458,645,12,0,1,credit_card,OH,1
577,47,92838,10,MORTGAGE,13986,60,5.84,0.123,734,4,1,2,debt_consolidation,MA,0
578,25,47362,2,MORTGAGE,3456,36,10.38,0.131,748,6,1,0,debt_consolidation,CA,0
579,21,55487,2,RENT,22109,60,12.16,0.57,659,12,2,0,debt_consolidation,NC,1
580,46,63992,18,OWN,2240,60,7.94,0.085,692,5,0,0,home_improvement,TX,0
581,48,36162,19,RENT,7816,60,8.73,0.253,724,5,0,0,debt_consolidation,WA,1
582,50,70098,16,RENT,20639,36,9.57,0.351,648,3,2,2,debt_consolidation,MO,0
583,50,22211,13,RENT,3236,36,5.34,0.34,650,13,0,1,credit_card,TN,0
584,62,36402,26,MORTGAGE,8563,60,12.12,0.257,663,3,0,0,credit_card,NJ,1
585,32,59582,9,OWN,7226,60,8.81,0.26,597,2,1,0,credit_card,PA,0
586,29,54748,4,RENT,17673,36,9.09,0.327,661,8,0,0,credit_card,WA,1
587,68,48914,38,OWN,9404,36,12.6,0.133,602,6,1,0,home_improvement,MO,1
588,69,57761,14,MORTGAGE,4643,36,7.83,0.158,691,11,1,2,small_business,TN,1
589,60,101258,33,MORTGAGE,15257,36,7.6,0.247,663,0,0,2,debt_consolidation,VA,0
590,53,43458,25,RENT,11998,36,12.13,0.44,700,15,2,2,credit_card,NY,1
591,70,42646,40,RENT,9529,36,7.38,0.271,729,2,0,2,home_improvement,GA,1
592,41,62229,18,OWN,20866,36,10.96,0.243,665,14,0,0,debt_consolidation,MA,0
593,61,71099,17,MORTGAGE,19442,36,10.09,0.398,722,9,2,0,car,NJ,0
594,25,34865,3,MORTGAGE,10390,36,8.85,0.363,666,8,1,1,home_improvement,PA,1
595,28,43747,3,OWN,18099,36,13.7,0.543,596,0,1,1,credit_card,IL,1
596,69,69250,22,RENT,20406,60,11.31,0.338,647,9,0,0,debt_consolidation,PA,0
597,75,30735,19,MORTGAGE,11405,60,9.55,0.323,690,10,0,1,home_improvement,FL,1
598,48,74299,17,OTHER,20634,36,9.72,0.223,746,4,0,1,credit_card,MA,0
599,70,32823,34,OWN,8714,36,7.63,0.344,701,5,1,1,small_business,IN,0
600,66,38762,38,RENT,12414,36,10.99,0.298,677,3,0,0,credit_card,VA,1
601,49,74394,14,MORTGAGE,20170,60,11.83,0.313,673,9,0,1,credit_card,PA,1
602,29,91069,8,OWN,31350,36,12.9,0.357,722,12,4,0,home_improvement,MA,1
603,57,60053,31,MORTGAGE,25561,36,13.02,0.47,621,6,2,0,credit_card,VA,1
604,54,25566,14,RENT,8777,36,10.54,0.447,640,8,0,0,credit_card,GA,1
605,61,29673,20,OWN,3363,36,5.5,0.19,642,9,1,1,car,FL,0
606,63,27997,24,RENT,8862,36,9.6,0.145,640,8,2,1,debt_consolidation,WI,1
607,53,45961,21,RENT,18755,36,12.47,0.562,674,19,2,1,home_improvement,MO,1
608,37,61376,12,MORTGAGE,15758,60,10.76,0.253,705,3,1,1,car,MO,1
609,75,30859,40,MORTGAGE,7570,36,7.33,0.205,705,4,0,2,credit_card,MI,0
610,18,65409,0,MORTGAGE,25364,36,12.98,0.494,681,9,4,1,small_business,TN,0
611,33,54877,11,MORTGAGE,20374,60,12.07,0.459,692,14,0,1,credit_card,IL,1
612,24,42638,2,MORTGAGE,6486,60,4.74,0.295,661,6,0,0,debt_consolidation,TX,1
613,55,42231,19,MORTGAGE,7451,60,13.31,0.263,649,13,0,2,small_business,NJ,1
614,30,15037,8,MORTGAGE,3290,60,7.67,0.339,606,3,0,0,other,MO,1
615,71,37798,23,OWN,16735,60,14.01,0.377,682,5,1,3,debt_consolidation,MD,1
616,46,55815,14,OWN,9100,36,8.74,0.229,628,8,1,0,debt_consolidation,FL,0
617,42,26629,5,MORTGAGE,11228,60,14.32,0.257,649,14,0,0,car,GA,1
618,37,19038,11,OTHER,5503,60,6.85,0.299,686,14,1,3,car,PA,0
619,26,62137,5,MORTGAGE,9303,60,9.85,0.197,657,5,0,0,credit_card,NY,0
620,58,29704,14,MORTGAGE,10629,36,9.03,0.31,647,9,0,2,small_business,CA,1
621,19,37797,0,OWN,13165,60,11.3,0.371,667,7,3,1,debt_consolidation,CA,1
622,48,23659,18,RENT,8176,60,10.58,0.426,674,6,0,0,small_business,NC,1
623,18,53358,0,RENT,23195,60,12.74,0.332,648,4,0,0,other,VA,0
624,64,62764,17,MORTGAGE,28099,36,7.95,0.45,719,13,0,1,other,NY,1
625,29,82646,9,OWN,17703,36,8.69,0.237,617,2,0,2,small_business,NY,0
626,73,32519,40,RENT,7040,60,8.45,0.377,626,0,1,0,debt_consolidation,GA,1
627,66,106087,22,MORTGAGE,25860,36,12.1,0.249,619,4,1,0,credit_card,WA,0
628,70,15602,37,OTHER,8867,36,14.07,0.584,629,7,2,3,debt_consolidation,TN,1
629,50,57376,18,OTHER,23617,60,9.02,0.454,725,10,4,0,other,OH,1
630,25,48493,2,RENT,14128,36,11.71,0.487,615,6,0,0,debt_consolidation,AZ,0
631,39,25425,11,MORTGAGE,3152,36,7.74,0.148,612,1,0,1,debt_consolidation,CA,1
632,23,68006,3,MORTGAGE,10513,36,5.92,0.216,741,2,0,1,other,MA,0
633,68,23819,40,OWN,7163,36,17.56,0.299,681,14,1,0,debt_consolidation,TN,1
634,65,55611,33,MORTGAGE,14438,36,10.77,0.272,680,8,2,2,car,GA,1
635,64,56454,19,MORTGAGE,9503,60,10.8,0.133,681,8,0,1,small_business,VA,0
636,27,62845,3,OWN,19160,60,8.9,0.274,667,4,1,2,debt_consolidation,PA,1
637,27,68382,4,MORTGAGE,26272,60,10.29,0.291,742,8,1,2,credit_card,AZ,0
638,74,16801,40,MORTGAGE,3848,60,9.32,0.177,610,10,1,2,small_business,TN,1
639,69,27588,12,MORTGAGE,6124,60,9.78,0.283,719,6,0,0,small_business,NY,0
640,69,48463,11,OWN,1000,36,6.23,0.07,673,14,0,1,other,WI,0
641,67,16750,38,OWN,7701,36,12.88,0.289,776,6,0,0,small_business,PA,0
642,50,80673,22,MORTGAGE,9404,60,8.8,0.173,710,2,0,0,debt_consolidation,MI,0
643,62,56575,28,MORTGAGE,25284,60,10.02,0.368,574,9,1,2,credit_card,IN,1
644,42,74833,11,RENT,24471,36,5.9,0.294,609,11,1,0,debt_consolidation,FL,1
645,49,62334,27,OWN,12611,36,6.55,0.243,741,7,0,1,small_business,MO,0
646,74,107790,15,MORTGAGE,7617,60,3.99,0.115,722,10,0,2,credit_card,MI,0
647,75,30421,31,RENT,7913,36,14.46,0.249,612,14,0,0,other,TX,0
648,30,75030,10,MORTGAGE,24063,36,13.01,0.419,616,8,3,0,debt_consolidation,NC,1
649,45,81305,15,RENT,7009,36,7.16,0.164,716,5,0,1,small_business,NY,0
650,55,26857,20,MORTGAGE,13149,36,15.56,0.383,630,10,1,0,debt_consolidation,FL,1
651,50,121601,19,MORTGAGE,22960,60,9.11,0.316,734,5,0,0,debt_consolidation,GA,0
652,24,71026,2,RENT,12277,36,6.2,0.193,643,8,1,1,credit_card,OH,0
653,31,44492,6,RENT,3127,36,11.07,0.091,621,6,0,0,car,NC,0
654,19,40052,0,MORTGAGE,19243,36,11.8,0.447,716,7,1,2,debt_consolidation,WA,0
655,65,68458,25,MORTGAGE,14378,60,9.23,0.305,683,8,0,3,debt_consolidation,WA,1
656,42,60826,19,OWN,14921,60,10.47,0.279,671,7,0,0,credit_card,IN,0
657,39,14453,10,MORTGAGE,1000,36,10.2,0.145,603,4,1,1,credit_card,IN,1
658,26,58091,2,RENT,9833,60,11.19,0.093,615,4,0,0,credit_card,TN,1
659,20,37382,0,RENT,12342,60,8.57,0.338,647,9,0,2,credit_card,MI,1
660,42,38404,9,RENT,16297,36,12.18,0.257,715,3,0,0,debt_consolidation,IN,1
661,36,13961,12,RENT,8887,36,15.34,0.64,722,8,2,0,other,GA,1
662,53,51980,15,MORTGAGE,8330,36,11.97,0.206,638,7,0,0,debt_consolidation,MA,1
663,47,63440,11,RENT,5259,60,7.01,0.142,633,10,0,1,debt_consolidation,GA,0
664,54,66605,24,OWN,18403,36,11.65,0.285,624,9,1,0,home_improvement,TN,0
665,22,57952,1,RENT,10534,36,9.23,0.153,653,16,0,1,debt_consolidation,MD,1
666,61,31826,22,RENT,13399,36,11.81,0.559,630,17,3,1,debt_consolidation,NY,1
667,42,51936,7,OTHER,20036,36,15.02,0.555,663,7,2,0,small_business,CA,1
668,40,33504,5,MORTGAGE,11384,60,9.8,0.411,655,11,1,1,debt_consolidation,PA,1
669,31,51418,10,OWN,13700,60,10.72,0.235,684,10,0,2,small_business,FL,0
670,59,57027,11,MORTGAGE,23136,60,10.78,0.481,583,12,3,1,small_business,MA,1
671,30,51857,6,OWN,4018,60,6.05,0.171,721,8,0,0,debt_consolidation,AZ,1
672,49,93162,10,MORTGAGE,29355,60,10.91,0.409,680,12,3,1,other,CA,1
673,19,29872,0,MORTGAGE,1000,60,5.42,0.103,697,9,0,1,home_improvement,NJ,0
674,45,18041,19,RENT,3706,60,10.37,0.249,614,9,1,2,home_improvement,WI,1
675,68,67089,32,RENT,21828,36,10.91,0.338,745,5,1,1,home_improvement,MA,0
676,26,29874,5,MORTGAGE,8852,60,9.5,0.257,671,8,0,1,car,NC,1
677,48,25449,11,MORTGAGE,1794,36,8.96,0.152,648,2,0,1,debt_consolidation,TX,0
678,36,57627,15,OWN,7473,60,10.11,0.158,672,6,0,2,debt_consolidation,MD,0
679,41,56976,18,RENT,14326,36,7.39,0.233,623,4,1,0,debt_consolidation,MD,0
680,46,20904,15,RENT,2130,36,8.24,0.136,635,9,1,0,debt_consolidation,GA,1
681,74,38978,40,MORTGAGE,17234,60,14.1,0.34,631,2,0,0,home_improvement,MD,1
682,50,67195,20,MORTGAGE,10042,36,8.08,0.205,695,16,0,0,credit_card,NJ,0
683,39,132848,5,RENT,26184,36,7.56,0.309,635,4,1,1,credit_card,MD,1
684,29,32418,3,MORTGAGE,2194,36,6.48,0.169,680,7,0,2,debt_consolidation,MD,0
685,53,102529,20,OWN,25502,36,13.42,0.287,711,2,0,0,other,AZ,0
686,20,68097,0,RENT,29136,60,10.73,0.528,661,11,5,1,other,NJ,1
687,33,36653,12,MORTGAGE,5951,60,6.97,0.15,728,7,0,2,credit_card,MI,0
688,62,20705,13,OWN,4798,60,5.6,0.313,673,13,0,1,debt_consolidation,IN,1
689,23,40922,2,RENT,14244,60,11.57,0.175,688,4,3,1,car,TN,1
690,67,37948,19,MORTGAGE,16075,36,11.14,0.57,637,3,0,1,car,MO,1
691,64,63612,15,RENT,12546,60,7.12,0.18,709,8,0,2,credit_card,MI,0
692,32,36113,4,OWN,5974,60,6.99,0.244,680,12,0,0,small_business,TX,0
693,46,45338,9,OWN,5728,36,6.91,0.138,658,2,0,0,small_business,FL,0
694,28,75572,4,RENT,34766,36,12.68,0.67,635,7,3,0,other,IN,1
695,74,107561,28,RENT,28823,60,9.84,0.431,744,1,1,0,debt_consolidation,OH,1
696,55,15826,28,MORTGAGE,2138,36,9.46,0.344,695,4,0,0,credit_card,GA,1
697,22,19118,0,RENT,1394,36,11.8,0.126,755,9,1,1,debt_consolidation,WA,0
698,51,29823,16,OWN,3709,60,8.14,0.192,677,0,1,2,credit_card,AZ,1
699,53,47577,29,MORTGAGE,22021,60,9.75,0.541,651,13,4,1,home_improvement,PA,0
700,36,95630,5,MORTGAGE,5579,60,9.71,0.074,745,10,1,0,small_business,MI,0
701,60,12873,11,MORTGAGE,4318,36,13.09,0.427,577,11,0,0,debt_consolidation,MD,1
702,56,24937,24,OTHER,6161,36,12.05,0.279,630,10,0,1,credit_card,MO,1
703,18,46969,0,MORTGAGE,8470,36,7.93,0.227,578,7,0,0,debt_consolidation,MO,1
704,21,34286,2,MORTGAGE,11569,36,11.0,0.529,650,12,2,0,debt_consolidation,MI,1
705,24,58875,5,MORTGAGE,23198,36,10.58,0.392,698,10,3,2,debt_consolidation,MA,0
706,62,53521,26,MORTGAGE,19847,60,9.43,0.591,650,4,3,0,other,VA,1
707,68,120750,40,MORTGAGE,33814,36,12.52,0.355,659,12,2,0,small_business,NC,0
708,42,31678,17,MORTGAGE,6185,60,10.86,0.277,595,3,0,1,small_business,TX,1
709,74,39653,24,OWN,14165,60,11.56,0.348,701,9,0,1,credit_card,NY,1
710,50,55293,28,MORTGAGE,22116,36,12.81,0.456,698,11,1,2,home_improvement,MI,1
711,37,35007,11,RENT,15272,60,14.04,0.359,617,9,0,0,credit_card,WA,1
712,67,60987,10,RENT,18788,36,12.83,0.254,656,10,0,0,credit_card,IL,0
713,71,35048,28,RENT,15541,36,12.53,0.463,678,5,1,1,small_business,CA,1
714,75,83930,21,MORTGAGE,26217,60,11.55,0.486,714,6,4,0,debt_consolidation,WI,1
715,74,62067,32,RENT,11173,36,12.25,0.324,714,10,0,1,debt_consolidation,IN,1
716,34,51571,4,RENT,3844,60,4.86,0.141,634,1,2,1,small_business,IN,1
717,40,44763,11,MORTGAGE,10015,36,8.58,0.299,651,9,0,0,small_business,GA,1
718,32,24414,7,RENT,9526,36,10.89,0.576,631,9,1,0,debt_consolidation,NJ,1
719,50,56825,11,MORTGAGE,23750,60,15.92,0.346,694,9,1,0,credit_card,TX,1
720,30,47603,2,RENT,10868,36,13.34,0.308,649,7,0,1,debt_consolidation,GA,1
721,40,27160,11,RENT,1890,36,9.4,0.11,656,11,1,0,debt_consolidation,MD,0
722,43,68271,8,MORTGAGE,5135,60,4.94,0.125,697,7,1,2,credit_card,PA,0
723,61,47033,19,MORTGAGE,12814,36,7.89,0.257,641,10,0,0,debt_consolidation,CA,1
724,72,81157,40,RENT,34681,36,16.2,0.327,687,8,0,0,debt_consolidation,IL,1
725,35,62458,11,MORTGAGE,10585,60,7.51,0.205,675,10,1,2,home_improvement,TX,1
726,43,29389,17,OWN,1545,36,9.14,0.161,605,12,0,1,small_business,NJ,1
727,52,47160,12,OWN,9186,36,8.83,0.178,629,12,1,0,debt_consolidation,AZ,1
728,43,99757,15,OWN,25848,60,7.36,0.329,675,5,0,1,debt_consolidation,FL,0
729,65,47954,34,OWN,18690,60,10.24,0.347,657,8,0,1,credit_card,WI,1
730,29,49358,5,RENT,14943,36,11.19,0.414,598,6,3,1,credit_card,FL,1
731,33,86831,13,OWN,18123,60,6.94,0.273,677,7,0,1,small_business,MI,1
732,38,21243,11,RENT,4390,36,7.25,0.189,641,8,1,0,credit_card,NC,1
733,27,28644,6,RENT,13065,60,12.35,0.404,599,12,2,2,debt_consolidation,IL,1
734,57,58999,26,OWN,4488,36,9.56,0.102,677,8,2,2,debt_consolidation,MA,0
735,60,48515,29,OWN,19676,60,9.49,0.48,714,9,1,1,debt_consolidation,NY,0
736,23,87687,2,OWN,6076,36,8.5,0.141,692,10,0,0,small_business,AZ,0
737,26,28681,3,MORTGAGE,1000,36,10.29,0.105,703,1,0,1,home_improvement,MD,0
738,44,28975,20,MORTGAGE,1000,36,8.38,0.135,582,15,0,1,small_business,TN,1
739,67,20832,15,MORTGAGE,3911,36,7.89,0.209,652,8,1,0,small_business,MA,0
740,53,61742,26,MORTGAGE,18708,36,6.83,0.339,738,8,0,1,credit_card,IN,0
741,26,178956,4,OWN,24032,36,4.34,0.216,751,9,0,0,debt_consolidation,WA,0
742,19,60224,0,OWN,10416,60,8.67,0.165,711,8,0,2,other,AZ,0
743,32,127788,9,MORTGAGE,40358,60,15.76,0.347,786,4,0,2,debt_consolidation,GA,1
744,55,39650,14,MORTGAGE,16994,60,12.88,0.238,715,5,0,1,debt_consolidation,MA,0
745,39,30079,5,MORTGAGE,11516,36,13.36,0.478,758,8,1,0,small_business,AZ,1
746,66,127147,21,MORTGAGE,19734,36,6.88,0.242,692,8,0,0,other,MO,0
747,44,51470,16,MORTGAGE,21762,36,13.95,0.536,698,8,1,1,debt_consolidation,PA,1
748,41,49942,4,MORTGAGE,9309,36,9.23,0.237,640,8,0,0,debt_consolidation,MA,0
749,59,65873,23,RENT,20243,36,13.82,0.244,659,9,0,1,home_improvement,MD,1
750,68,63020,24,OWN,11851,36,7.67,0.293,666,7,1,3,credit_card,TX,1
751,49,44907,23,MORTGAGE,13123,36,8.69,0.366,690,10,1,1,home_improvement,PA,1
752,74,56086,40,RENT,21993,36,16.53,0.254,709,6,0,0,small_business,WI,0
753,51,41960,23,RENT,10239,36,6.18,0.254,628,9,0,1,debt_consolidation,NY,1
754,54,28195,23,RENT,3896,60,8.33,0.126,621,5,1,0,credit_card,GA,0
755,44,58210,14,RENT,19286,36,7.7,0.382,679,12,1,1,credit_card,CA,0
756,35,31738,13,MORTGAGE,2051,36,10.57,0.115,563,5,0,1,credit_card,WA,1
757,43,57296,6,MORTGAGE,13097,36,8.97,0.264,601,7,0,0,credit_card,NJ,0
758,45,20801,22,OWN,6100,36,11.84,0.193,657,9,2,4,small_business,MD,1
759,75,27185,30,MORTGAGE,3832,60,7.31,0.201,600,17,1,1,credit_card,MA,1
760,46,23667,16,OWN,6019,60,10.78,0.34,600,9,0,0,car,MA,1
761,27,60069,2,MORTGAGE,19408,60,9.28,0.4,673,9,1,1,debt_consolidation,TX,1
762,73,56078,23,MORTGAGE,5433,36,7.07,0.161,651,10,1,0,home_improvement,AZ,0
763,64,34704,39,MORTGAGE,3795,36,5.97,0.058,644,3,0,0,debt_consolidation,FL,0
764,18,47415,0,MORTGAGE,1000,60,5.27,0.046,620,13,0,0,debt_consolidation,OH,0
765,66,44659,27,MORTGAGE,19387,36,10.93,0.401,723,10,3,0,home_improvement,NY,1
766,57,116709,25,RENT,50053,36,10.09,0.483,679,8,1,3,credit_card,CA,1
767,62,33834,36,RENT,11686,36,12.32,0.232,760,11,0,2,debt_consolidation,MD,0
768,35,24757,9,RENT,7173,36,13.29,0.339,685,2,1,2,home_improvement,CA,1
769,67,56936,40,MORTGAGE,21679,36,15.43,0.331,658,10,1,1,debt_consolidation,TX,1
770,33,14889,8,MORTGAGE,1000,36,8.42,0.1,682,7,0,0,debt_consolidation,TX,0
771,45,53834,22,OWN,16184,60,15.76,0.221,720,6,0,1,small_business,MI,0
772,37,40702,14,OTHER,15103,36,12.11,0.514,652,9,1,1,small_business,MI,1
773,63,14418,29,RENT,1000,36,9.94,0.077,643,4,2,1,car,WI,1
774,72,25077,23,MORTGAGE,7092,36,11.22,0.219,734,9,0,1,small_business,IN,0
775,30,74964,8,MORTGAGE,5060,60,7.47,0.202,687,7,1,2,credit_card,MA,0
776,20,76050,1,OWN,17573,60,10.98,0.232,729,2,0,0,credit_card,FL,0
777,39,60518,16,RENT,1274,36,3.6,0.09,719,8,0,0,small_business,MD,0
778,39,23424,18,RENT,3918,60,9.63,0.183,647,12,1,0,debt_consolidation,WA,1
779,30,39860,3,RENT,12328,60,10.73,0.454,651,10,1,0,small_business,OH,1
780,68,24642,34,OTHER,5142,60,7.27,0.186,634,11,0,1,debt_consolidation,WA,1
781,46,66842,20,RENT,14369,36,9.0,0.264,687,12,0,1,home_improvement,IN,0
782,48,22025,6,MORTGAGE,1105,36,4.35,0.158,701,9,1,2,other,PA,0
783,30,46197,9,MORTGAGE,5048,60,12.33,0.204,665,4,0,0,credit_card,TN,0
784,50,63163,21,RENT,11270,60,7.41,0.243,748,13,0,0,car,PA,1
785,33,88691,9,MORTGAGE,28356,60,7.49,0.201,676,7,1,2,debt_consolidation,GA,0
786,63,60442,20,MORTGAGE,4305,60,4.38,0.074,697,9,1,0,home_improvement,PA,0
787,52,80075,29,RENT,13133,36,7.48,0.156,746,3,0,0,car,CA,0
788,39,69557,13,RENT,34880,36,13.4,0.437,709,10,0,0,debt_consolidation,FL,1
789,59,34886,20,MORTGAGE,4983,36,7.93,0.201,635,5,0,0,debt_consolidation,VA,1
790,50,23893,16,OWN,10487,36,16.48,0.345,640,6,0,0,other,IL,1
791,67,25451,28,OWN,5997,60,10.3,0.257,630,3,0,0,car,PA,1
792,26,51030,5,RENT,4712,36,8.67,0.142,702,5,0,1,small_business,NY,0
793,75,14134,40,MORTGAGE,4284,36,14.76,0.424,608,7,5,1,credit_card,WA,1
794,37,195886,14,RENT,11505,36,7.37,0.08,666,14,0,0,credit_card,MI,0
795,58,63910,32,RENT,21076,60,10.23,0.338,651,12,0,4,credit_card,MD,0
796,56,58552,22,OWN,12260,36,8.42,0.165,740,10,1,3,credit_card,MD,0
797,38,38873,7,MORTGAGE,14983,36,9.74,0.345,610,8,1,1,debt_consolidation,NJ,1
798,44,50220,11,OWN,12732,36,13.57,0.403,694,16,2,1,debt_consolidation,IL,1
799,47,66321,5,MORTGAGE,11170,60,9.44,0.22,663,6,0,2,other,AZ,0
800,43,42287,10,RENT,10501,36,9.25,0.316,695,7,0,1,credit_card,AZ,0
801,32,29499,2,MORTGAGE,7839,36,11.6,0.359,736,7,1,4,home_improvement,MI,1
802,27,86958,5,RENT,31192,36,10.34,0.352,692,16,1,0,debt_consolidation,GA,1
803,71,34446,17,OWN,12462,36,11.76,0.241,678,8,1,0,small_business,FL,1
804,40,60223,14,RENT,5627,60,9.78,0.157,637,6,1,0,credit_card,GA,1
805,35,45096,10,MORTGAGE,10674,36,10.05,0.268,674,16,1,0,other,MI,0
806,49,35683,22,RENT,12964,36,9.03,0.324,617,12,0,1,credit_card,TN,1
807,60,13783,16,RENT,7641,60,12.8,0.649,596,4,2,0,debt_consolidation,VA,1
808,58,85167,33,OWN,7767,36,4.83,0.203,594,6,1,0,small_business,CA,1
809,59,24949,20,MORTGAGE,11053,36,12.22,0.56,746,0,1,1,small_business,TX,1
810,32,53310,5,MORTGAGE,9312,36,8.43,0.309,609,8,0,1,home_improvement,MD,1
811,64,29122,21,OWN,7664,36,10.81,0.226,680,13,1,0,car,WI,1
812,43,78394,22,MORTGAGE,26496,36,13.53,0.267,706,6,2,1,debt_consolidation,FL,0
813,48,54453,22,MORTGAGE,16123,60,9.7,0.459,641,7,0,5,credit_card,CA,1
814,45,24242,19,RENT,3352,36,10.26,0.253,688,14,0,1,credit_card,IL,1
815,20,42217,0,MORTGAGE,18531,36,11.39,0.588,698,9,1,0,credit_card,MI,1
816,39,117445,15,RENT,36057,36,12.43,0.347,722,11,0,1,small_business,CA,1
817,38,61787,7,RENT,2388,36,3.26,0.085,621,9,0,0,home_improvement,WI,1
818,31,98764,4,MORTGAGE,27052,60,11.14,0.37,707,8,2,1,credit_card,TX,0
819,63,53560,26,RENT,23526,60,11.31,0.48,701,10,1,0,debt_consolidation,FL,1
820,53,112860,30,MORTGAGE,39102,36,12.35,0.312,683,9,0,0,debt_consolidation,MD,0
821,73,29390,30,MORTGAGE,1993,36,10.12,0.104,711,7,1,2,credit_card,TN,0
822,66,70376,24,RENT,22395,36,8.09,0.264,682,10,1,2,other,MO,1
823,49,51192,7,RENT,19595,60,12.64,0.386,615,4,0,0,debt_consolidation,TN,1
824,52,43677,15,MORTGAGE,19615,36,10.81,0.501,627,6,0,0,debt_consolidation,FL,1
825,43,25084,22,MORTGAGE,7233,60,12.74,0.195,706,10,0,2,debt_consolidation,IL,1
826,45,16474,13,OWN,5260,36,16.32,0.374,663,12,3,0,debt_consolidation,TX,1
827,20,53154,1,MORTGAGE,12869,60,5.68,0.271,771,9,0,1,small_business,AZ,0
828,22,52736,3,MORTGAGE,4212,60,5.33,0.14,671,10,0,1,car,MD,1
829,47,19473,11,MORTGAGE,5712,36,9.85,0.395,536,6,2,1,credit_card,VA,1
830,67,35954,37,MORTGAGE,6526,36,10.44,0.178,662,7,1,0,small_business,TN,1
831,60,46122,22,OWN,7706,36,4.89,0.189,715,10,0,0,debt_consolidation,AZ,1
832,71,57376,22,OWN,2578,60,10.41,0.091,693,6,1,2,credit_card,CA,0
833,28,33385,7,OWN,6567,36,9.29,0.222,659,12,1,0,credit_card,TX,1
834,73,38345,14,OWN,7378,60,10.1,0.33,670,8,0,1,debt_consolidation,MO,1
835,43,51824,13,MORTGAGE,19074,36,10.2,0.393,630,11,4,0,credit_card,FL,1
836,49,40897,23,OWN,5966,36,6.21,0.187,638,6,1,0,other,MO,1
837,74,22449,34,RENT,8178,60,7.81,0.289,657,4,0,1,debt_consolidation,IN,0
838,37,65056,11,MORTGAGE,22762,36,13.01,0.296,758,10,2,1,small_business,MI,1
839,29,31472,3,OWN,6963,60,9.42,0.298,697,5,1,2,credit_card,MO,1
840,24,52921,1,OWN,14184,36,10.19,0.234,709,12,1,0,credit_card,IL,0
841,32,50315,5,RENT,14119,36,14.3,0.269,666,6,3,0,small_business,NY,1
842,62,57289,25,RENT,12184,36,8.03,0.295,748,13,1,0,debt_consolidation,FL,1
843,38,33533,14,MORTGAGE,8882,36,9.5,0.293,641,12,0,1,home_improvement,MI,1
844,49,39692,23,RENT,9584,36,11.14,0.229,663,2,0,1,credit_card,NY,1
845,45,69544,20,RENT,10186,36,6.32,0.199,624,8,0,2,debt_consolidation,MI,0
846,26,12000,2,MORTGAGE,1515,36,6.88,0.195,591,2,0,0,home_improvement,IL,1
847,75,28422,40,OWN,10674,36,8.42,0.292,675,12,0,0,credit_card,NY,1
848,28,18680,5,OWN,1000,60,6.24,0.13,666,8,0,1,credit_card,OH,0
849,58,41743,34,MORTGAGE,16437,60,11.9,0.31,605,3,1,0,other,WI,1
850,75,42600,11,MORTGAGE,18076,60,13.42,0.299,708,9,0,1,debt_consolidation,MA,0
851,30,60083,9,RENT,25145,60,12.4,0.555,646,1,5,1,small_business,MD,1
852,64,78310,25,MORTGAGE,11012,36,7.55,0.193,726,9,0,1,debt_consolidation,MA,1
853,21,42877,0,RENT,9395,36,9.59,0.198,633,5,0,0,small_business,TX,1
854,73,103864,26,OWN,29410,36,10.56,0.397,754,6,1,0,home_improvement,MD,1
855,41,25389,17,RENT,1000,36,4.84,0.089,624,8,0,1,debt_consolidation,MD,0
856,34,54427,12,RENT,20570,36,14.68,0.496,727,5,0,0,other,NJ,0
857,59,70273,26,MORTGAGE,11454,36,3.4,0.159,697,9,0,1,small_business,NJ,0
858,60,81413,10,MORTGAGE,27528,60,10.63,0.417,668,5,1,1,credit_card,CA,1
859,63,13978,35,OWN,7221,36,12.93,0.511,646,5,2,0,small_business,VA,1
860,67,97953,19,RENT,41128,60,13.07,0.361,716,10,1,2,other,NY,1
861,64,77706,11,MORTGAGE,32329,36,13.55,0.37,651,4,0,1,debt_consolidation,IL,1
862,57,33008,32,OWN,11338,60,13.49,0.504,613,9,0,1,debt_consolidation,AZ,1
863,22,34954,1,MORTGAGE,2943,60,8.3,0.208,701,10,0,3,debt_consolidation,WI,1
864,20,28404,0,MORTGAGE,3871,36,7.24,0.231,703,9,0,1,debt_consolidation,IL,1
865,41,25072,10,OWN,11208,60,12.49,0.643,647,9,0,0,credit_card,AZ,1
866,32,72593,6,MORTGAGE,11248,36,8.81,0.235,653,9,0,0,debt_consolidation,MD,0
867,48,26921,8,RENT,7484,60,7.69,0.323,646,8,1,2,debt_consolidation,NY,1
868,65,27464,19,MORTGAGE,8920,36,7.7,0.406,618,9,1,2,debt_consolidation,FL,1
869,53,61956,8,MORTGAGE,10145,36,6.47,0.235,762,11,0,0,debt_consolidation,IL,0
870,30,43776,5,OWN,12546,36,11.53,0.401,657,2,1,2,home_improvement,MO,1
871,45,96443,9,RENT,25119,36,8.29,0.228,662,7,0,1,credit_card,IL,0
872,70,38842,37,MORTGAGE,5318,60,7.8,0.127,687,2,1,1,small_business,NY,0
873,43,69178,12,MORTGAGE,4972,60,7.91,0.058,754,2,0,1,debt_consolidation,FL,0
874,50,45562,21,RENT,13752,36,14.03,0.403,632,3,1,3,debt_consolidation,VA,1
875,57,96977,30,OWN,43329,60,10.46,0.383,765,13,1,1,small_business,AZ,0
876,64,52926,32,RENT,23242,60,11.51,0.591,672,5,2,2,debt_consolidation,VA,1
877,43,76268,12,MORTGAGE,23608,36,12.38,0.349,569,10,0,0,debt_consolidation,TN,1
878,27,41052,5,MORTGAGE,6353,36,8.75,0.19,702,13,1,0,credit_card,MD,0
879,38,38507,7,OTHER,5953,60,9.07,0.196,633,17,0,2,home_improvement,VA,0
880,20,18878,1,MORTGAGE,1843,60,8.03,0.179,641,9,0,1,debt_consolidation,MO,0
881,42,67574,7,MORTGAGE,8465,36,7.52,0.156,747,8,0,0,small_business,CA,0
882,37,32912,12,OWN,5588,36,11.95,0.187,638,10,0,0,credit_card,IN,1
883,56,46834,11,MORTGAGE,1000,60,8.1,0.065,693,10,0,0,debt_consolidation,CA,0
884,39,95303,13,OWN,19928,60,6.97,0.298,685,13,0,0,debt_consolidation,NY,1
885,72,36550,22,MORTGAGE,8197,60,13.15,0.267,631,4,0,0,home_improvement,WA,1
886,52,34483,25,OWN,10091,36,12.63,0.327,724,10,0,2,credit_card,MD,1
887,52,27526,26,RENT,9276,60,13.7,0.352,702,8,2,1,debt_consolidation,NJ,0
888,18,81183,0,OWN,6207,60,8.38,0.185,686,6,0,0,credit_card,TN,0
889,40,55949,12,MORTGAGE,26199,60,13.02,0.311,713,0,1,1,home_improvement,NJ,1
890,72,87228,32,RENT,22172,36,6.28,0.399,704,7,1,1,credit_card,MI,1
891,18,35963,0,MORTGAGE,3354,60,9.75,0.152,635,9,1,0,debt_consolidation,MD,1
892,63,32503,28,MORTGAGE,11837,36,11.62,0.444,646,11,1,0,debt_consolidation,FL,1
893,33,73022,7,MORTGAGE,3495,60,9.21,0.089,625,5,0,0,credit_card,NC,1
894,52,38529,22,RENT,1726,36,7.34,0.065,665,5,0,0,other,MO,1
895,19,16820,0,MORTGAGE,4684,60,10.29,0.196,603,9,0,0,debt_consolidation,IL,1
896,55,64311,8,MORTGAGE,26360,36,13.27,0.506,661,8,2,4,small_business,TN,1
897,67,43309,14,MORTGAGE,7165,36,12.91,0.222,730,7,0,4,car,MI,1
898,25,50655,6,OWN,13352,36,10.32,0.433,702,6,0,1,debt_consolidation,MO,1
899,44,95682,14,MORTGAGE,13165,36,8.3,0.164,655,15,0,0,credit_card,PA,0
900,64,48586,16,MORTGAGE,16365,60,12.55,0.268,602,12,0,1,debt_consolidation,MI,1
901,51,28330,26,MORTGAGE,11310,36,14.39,0.32,633,12,2,1,credit_card,WA,0
902,61,31072,13,RENT,7088,36,6.9,0.356,742,16,3,0,small_business,WI,1
903,27,28292,4,OWN,1209,60,9.9,0.129,689,9,0,0,home_improvement,OH,1
904,43,51690,15,MORTGAGE,3577,36,10.5,0.176,737,13,1,0,debt_consolidation,NJ,0
905,48,88501,12,OWN,30731,60,10.71,0.292,648,12,1,0,small_business,MA,1
906,18,62279,0,RENT,6879,36,4.83,0.146,604,11,0,2,debt_consolidation,TX,1
907,31,24145,10,MORTGAGE,7516,36,12.17,0.349,704,7,0,1,car,GA,1
908,44,33978,17,RENT,3214,60,5.99,0.161,721,10,0,1,debt_consolidation,GA,0
909,29,28534,2,RENT,9150,36,12.68,0.298,579,1,1,2,small_business,WA,1
910,71,47065,16,RENT,11017,60,12.05,0.289,664,8,0,0,debt_consolidation,NY,0
911,44,34563,11,RENT,2745,36,8.56,0.131,654,9,1,0,debt_consolidation,MA,0
912,49,41363,26,MORTGAGE,20838,36,11.6,0.529,599,7,1,1,credit_card,TN,1
913,22,36589,3,MORTGAGE,6512,60,8.65,0.248,666,6,2,0,credit_card,IN,1
914,18,31218,0,OWN,4260,36,9.4,0.132,536,8,0,0,small_business,NY,1
915,70,18705,21,MORTGAGE,3764,60,14.96,0.206,643,4,1,0,credit_card,AZ,1
916,70,58864,19,RENT,19427,60,11.17,0.318,737,8,1,1,debt_consolidation,NY,0
917,32,39414,6,MORTGAGE,5575,36,7.4,0.172,642,13,0,0,other,MA,1
918,19,85343,0,OWN,31441,60,9.45,0.464,766,14,0,0,debt_consolidation,AZ,1
919,68,79116,17,RENT,10555,60,10.25,0.203,727,0,1,1,other,FL,0
920,53,45423,10,RENT,13330,36,8.04,0.38,650,17,2,0,credit_card,TX,1
921,47,23123,10,MORTGAGE,12312,60,9.81,0.519,627,11,1,1,credit_card,OH,1
922,35,48059,4,RENT,20116,60,11.92,0.515,596,0,2,1,credit_card,WI,1
923,48,29379,8,MORTGAGE,5799,36,8.51,0.107,747,16,1,0,small_business,VA,0
924,72,44048,18,RENT,2404,36,4.08,0.144,731,8,0,2,small_business,GA,1
925,19,33427,0,RENT,13631,36,10.1,0.273,625,14,1,0,small_business,MA,1
926,56,98797,22,OTHER,40769,36,15.28,0.47,728,8,2,2,car,MD,1
927,57,36929,31,RENT,9287,36,11.35,0.294,698,7,1,1,car,CA,0
928,66,60292,13,OWN,14687,36,11.52,0.413,666,0,4,1,car,IL,1
929,21,24288,1,OWN,7469,60,9.56,0.286,587,8,0,1,credit_card,CA,0
930,22,47303,3,OWN,16963,60,10.36,0.443,782,4,4,0,debt_consolidation,AZ,0
931,55,93233,20,RENT,32062,60,11.3,0.502,662,3,1,0,debt_consolidation,MD,1
932,39,46461,18,OWN,2861,36,9.83,0.126,668,4,1,1,debt_consolidation,WA,0
933,49,28745,6,OTHER,15251,60,17.27,0.684,658,10,0,1,other,NJ,1
934,34,62421,11,MORTGAGE,23046,60,13.19,0.287,655,11,0,1,credit_card,IL,0
935,59,50248,17,RENT,6810,36,9.29,0.202,658,11,0,1,debt_consolidation,IN,0
936,19,72338,0,MORTGAGE,8984,60,7.46,0.214,700,12,0,0,debt_consolidation,TN,1
937,42,85544,8,MORTGAGE,33953,36,10.73,0.456,757,8,4,0,credit_card,CA,1
938,62,38801,18,MORTGAGE,16929,36,12.22,0.38,752,0,0,1,debt_consolidation,GA,1
939,61,111740,35,MORTGAGE,40258,36,11.23,0.493,630,6,4,0,credit_card,IN,1
940,34,85342,11,MORTGAGE,6634,36,7.55,0.181,678,5,0,0,small_business,NJ,0
941,34,58082,6,OWN,22396,60,10.89,0.528,632,8,1,0,credit_card,OH,1
942,20,32380,0,RENT,14740,60,11.53,0.549,682,10,2,0,debt_consolidation,TX,1
943,61,80723,37,OWN,17140,36,6.98,0.192,741,2,0,1,credit_card,GA,0
944,21,42041,0,MORTGAGE,6290,36,6.35,0.1,745,11,0,0,small_business,TX,0
945,47,58734,17,MORTGAGE,3573,36,8.27,0.1,672,11,0,1,small_business,FL,0
946,53,43972,21,OWN,12246,60,10.09,0.326,669,6,1,0,debt_consolidation,PA,0
947,19,14634,0,OWN,3517,36,8.11,0.204,698,9,0,1,small_business,WA,1
948,19,67194,0,MORTGAGE,5769,60,5.14,0.17,641,4,0,1,debt_consolidation,MA,0
949,33,23321,10,OWN,6062,36,8.88,0.312,645,8,0,0,debt_consolidation,GA,0
950,29,39547,9,RENT,3505,60,6.56,0.205,717,11,1,1,small_business,GA,0
951,54,39944,25,MORTGAGE,8038,36,10.03,0.256,655,11,1,1,credit_card,OH,0
952,65,58562,26,MORTGAGE,12360,36,8.2,0.292,765,7,0,1,other,AZ,1
953,20,32931,1,MORTGAGE,13339,60,16.82,0.419,613,6,1,3,credit_card,MD,1
954,64,41456,29,MORTGAGE,5195,60,8.5,0.196,632,9,0,3,debt_consolidation,TX,1
955,32,72372,3,RENT,13627,36,11.15,0.281,658,3,0,1,small_business,IL,1
956,57,44049,31,OWN,8028,60,10.57,0.263,656,5,0,1,credit_card,TN,1
957,69,26922,19,OWN,6313,36,9.62,0.271,690,13,1,1,other,MA,1
958,47,22306,22,RENT,7926,36,9.85,0.261,607,5,0,0,car,IL,1
959,70,44381,27,RENT,15994,60,16.48,0.295,704,7,0,0,debt_consolidation,NC,1
960,38,62515,13,OWN,20299,36,9.91,0.274,581,0,1,0,car,NJ,1
961,19,38679,0,OWN,5029,60,8.25,0.188,707,6,0,0,debt_consolidation,GA,1
962,63,26582,29,RENT,12006,36,14.4,0.29,621,1,0,0,credit_card,PA,1
963,52,33276,7,MORTGAGE,12378,36,12.08,0.282,698,9,0,0,debt_consolidation,MD,1
964,19,80216,0,RENT,23767,36,7.49,0.286,692,7,0,0,other,NY,0
965,43,15707,13,MORTGAGE,5012,36,11.33,0.281,647,8,0,2,credit_card,NC,0
966,71,24921,22,MORTGAGE,7158,36,12.9,0.244,636,8,0,1,debt_consolidation,AZ,1
967,29,20004,4,MORTGAGE,4464,60,8.27,0.114,630,13,0,1,car,WA,1
968,73,33068,40,MORTGAGE,4391,60,4.24,0.104,696,6,0,2,small_business,NJ,0
969,38,42790,10,MORTGAGE,14592,36,13.62,0.338,724,6,0,1,credit_card,TN,1
970,30,35844,6,MORTGAGE,12444,60,9.01,0.366,617,4,4,1,credit_card,CA,1
971,45,36678,10,RENT,3718,36,5.77,0.132,647,4,0,0,credit_card,MA,1
972,60,18620,11,MORTGAGE,6563,36,15.56,0.467,584,6,0,1,small_business,CA,1
973,40,45652,17,OWN,19443,36,10.75,0.375,516,11,1,0,credit_card,NC,1
974,70,66857,40,MORTGAGE,6137,60,7.52,0.122,743,5,1,0,debt_consolidation,MO,0
975,47,26109,24,MORTGAGE,5702,36,7.5,0.306,670,9,0,1,debt_consolidation,MD,0
976,75,112480,28,MORTGAGE,41217,36,13.53,0.4,770,11,1,1,debt_consolidation,IN,1
977,39,49752,5,RENT,1414,36,4.26,0.108,738,8,0,0,other,CA,0
978,18,52059,0,MORTGAGE,2730,60,4.96,0.138,745,9,1,1,credit_card,FL,0
979,24,66130,2,MORTGAGE,10283,36,12.51,0.211,745,8,1,1,credit_card,AZ,0
980,49,12121,18,RENT,1000,36,6.68,0.075,647,7,0,0,debt_consolidation,PA,0
981,48,59741,12,MORTGAGE,15558,60,9.17,0.332,698,13,1,3,small_business,WA,1
982,72,67346,27,MORTGAGE,24470,36,13.85,0.347,722,8,0,0,car,AZ,0
983,69,20773,40,OWN,5413,60,11.42,0.203,671,10,0,0,car,MA,1
984,37,67650,5,MORTGAGE,29888,36,16.12,0.372,716,12,2,0,other,IL,0
985,49,78457,26,MORTGAGE,11214,36,10.29,0.24,672,7,0,1,home_improvement,MD,1
986,45,32490,21,RENT,10978,60,12.07,0.289,724,14,1,1,debt_consolidation,OH,1
987,25,152100,5,OWN,16123,60,8.13,0.107,702,7,0,2,home_improvement,OH,0
988,59,77124,17,OWN,14570,36,7.65,0.303,680,11,0,0,debt_consolidation,TN,0
989,22,54976,3,OWN,12757,36,8.76,0.169,728,2,0,0,debt_consolidation,TX,0
990,34,30303,6,RENT,11843,36,12.96,0.5,685,12,1,2,debt_consolidation,NC,1
991,24,56003,4,OWN,11359,36,7.55,0.222,646,7,1,0,credit_card,MA,1
992,73,62497,40,RENT,20763,36,12.62,0.39,692,6,0,1,home_improvement,MO,1
993,60,54497,18,MORTGAGE,13184,36,7.36,0.427,685,11,2,2,debt_consolidation,PA,1
994,29,21725,5,RENT,8475,36,12.86,0.313,638,13,1,1,debt_consolidation,MO,1
995,75,38706,34,OWN,9478,36,10.61,0.432,645,10,1,0,debt_consolidation,IL,1
996,52,51206,8,MORTGAGE,9155,36,12.79,0.225,613,6,0,1,car,MA,1
997,53,32583,9,MORTGAGE,15260,36,13.87,0.617,708,12,1,1,debt_consolidation,VA,1
998,53,41244,28,OWN,5482,36,7.36,0.111,659,7,0,1,debt_consolidation,MA,0
999,62,57546,36,MORTGAGE,21556,36,11.95,0.339,638,8,0,0,home_improvement,NJ,1
1000,61,41783,31,RENT,17268,36,14.16,0.337,632,12,1,3,credit_card,NY,1
